review,sentiment
"The movie is nice Well pictured, but no originality...<br /><br />this movie is directly copied from ""The Hitch"" where Salman plays like a Date Dr. like Will Smith, and Govinda like some fat jerk, who is desperate to get in love with her boss by the end the movie comes to an old Indian Flimi style, the bride's father doesn't like the bride's lover and gets some other groom, and Govinda the bride's lover comes in the end and saves her from the new groom and a fancy dance and stuff.<br /><br />the comedy was real good, no doubt when the hitch meets Hindi would be more funnier....<br /><br />Ultimately worth a watch but when it comes on TV after few months...",negative
"<br /><br />""Bleak House"" is hands down the finest adaptation of a Charles Dickens Novel ever put on screen. Alway one of My favorite novels,I was exteremely pleased with this Television Mini Series. The late, great Denholm Elliot was perfectly cast as the noble John Jardyce and Diana Rigg was sheer perfection as the doomed Ladty Dedlock. The film captures the essence of Dickens era and is extremely faithful to the book,oly making minor plot cuts that do not effect the story. over all a brilliant,moving and atmosphereic film.",positive
"In a quiet town a couple of girls witness the murder of one of their friends to a strange young boy named Milo, who lives on the other side of town. After the murder, his body is found in a river and his pronounced dead. So sixteen years later a weddings draws the girls back to their childhood town and Claire a school teacher becomes obsessed that Milo hasn't died as she has recurring visions of him and her friends are dying one by one and no one believes her when she claims Milo is apart of it. So now, she sets off to find out the horrifying truth.<br /><br />When I came across this film, I was pretty sceptical about it, especially when it had ""From the creators of Anaconda"" on the front cover, but reading the odd little plot outline on the back of the video case, it sounded alright and rather refreshing for a change. Well, guess what? I thought it was a good idea at the time, but it was a totally different story when it came to watching the film. It just seemed to try to hard to be smart and very psychological based, but that latter element didn't come off that well for me and it was basically a prolonged and mostly unconvincing thriller. Hey, I'll admit it had its moments, but hardly enough to make it neither effectively chilling, or memorable. But, a bravo to the filmmakers, at least the story isn't a rehash of those slasher imitators that followed ""Scream"" and shock horror, there's no self-referential humour evident actually there isn't even a HINT of humour. Although, maybe it was too serious? Especially, since the plot is rather absurd, but that's not its main problem. What a disjointed plot we get, I didn't know about to much that was going on, as it seems to skim a lot stuff in favour for some supposedly shocking and disturbing sequences. No! More like irrelevant scenes and yawn inducing clichés that we see from time to time. Also you can see some influences from some ""good"" 70's horror films, one being ""Don't Look Now"". This when our main character keeps on seeing the figure of her past in a slicker. The other would have to be one of my favourites ""Alice, Sweet Alice"" with the person causing the trouble wearing a yellow slicker and committing grisly deaths. Interesting idea but it comes across quite shallow and too many faults pop up. I liked it more when the scenes dealt with the character's childhood, as the performances and circumstances had something creepy about it, but when it leans into their adulthood its tired and uneventful for most part and the performances weren't awful, but incredibly mundane and hardly involving is a good way of putting it. Most of the dialogue had me groaning in disbelief at how contrived and awkward it was. You'll be yelling ""no duh!"" at the screen, because you just can't believe what you're hearing. The police detective gets the brunt of it! <br /><br />Quality wise - the film isn't bad, actually it's better then your usual straight to video I would say. Very slick stuff. With some inventive and prominent camera angles and a faint score that works reasonably well. Another factor that stood out and was a key to building on the moody atmosphere was the creeping sound effects and that bicycle bell does leave a ringing sensation in your ears. The setting of a quiet elementary school was well done and rest of the action takes place in a house. But, just don't be expecting any real suspense or surprises as the execution of these are non-existent. The deaths aren't pleasant and they're mildly bloody and it's more the aftermath to what happens to these bodies, which tries to disturb you. The villain in this piece, the mean-spirited child Milo Jeeder was mildly unnerving, well that voice and yellow slicker does make an imprint to begin with, but it does seem to lose its effect when we come to the films conclusion. The cheesy tag lines on the video compare him to (move over) Jason, (watch out) Freddy and (this isn't child's play) Chucky, but you got to be kidding me! Right? He's labelled ""The New face of evil"", yeah sure. All he needs is to be taught some manners and problem solved. Overall, the film just left me with a sour taste, as I've could've gone without seeing it. I probably wished I did.<br /><br />Just don't expect too much in this blur of a film. Or, even better just skip it, as you won't be missing out on much, really.",negative
"There's more to offer in the opening of The Odd Couple than in the entirety of most films. Felix Unger (the poor guy's monogram even curses him) checks into a New York hotel. A cleaning lady says ""Good night."" ""Goodbye,"" he answers back. In his room he empties his pockets, then struggles to take off his wedding ring only to put the objects neatly into an envelope, addressed to his wife and beloved children. When the viewer finally puts it together  aha, he's going to off himself  we watch him struggle to open the window  oh no, he's going to jump  The poor guy injures his lower back. This is all you need to know about Felix Unger  his wife has left him, he's a compulsive cleaner and he's a hypochondriac. And all in one scene. This is the particular genius of Neil Simon's comedy  it's about situation and character. There are few obvious physical jokes  no kicks to the groin, no cheap gags  just funny characters in uncomfortable situations. And, of course, he is a master of manipulating the audience's expectations. Coming from the Swingers era, imagine what I thought in the date scene when Felix starts lamenting about the breakup of his marriage to the girls his roommate Oscar has worked so hard to get into his apartment. He's blowing it, right? Think again. The girls love his sensitivity, his ability to cry in front of them. They invite him back to their place since his meatloaf has burned because Oscar wasn't paying enough attention to it. He's in like Flynn, right? Uh, yes, but he doesn't want to go with the girls because he's feeling vulnerable. Great stuff. And it's made even greater with a style that minimizes editing and maximizes the wonderful eight-room apartment set. You've got Jack Lemmon and the slouchy, pouchy Walter Matthau for Chrissakes, why mess it up? The visual style reminded me of Breakfast at Tiffany's, in that great effect is made from a large depth of field and the interplay between the various planes of action. Particularly memorable is the scene in which Felix, fleeing from Oscar, closes a partition only to realize the partition doesn't cover the side where Oscar is coming from. You get a real sense of the layout of the apartment, and thus the proximity in which the two divorcées live. The twist here is that these two are really married  to each other. So the observations about married life that might be ignored in an ordinary romantic comedy are made all the more poignant since they are two guys.",positive
"I had heard about ""gaming"" and ""Dungeons and Dragons"" before, but I had know idea it could be like what I saw in the ""Gamers: Dorkness Rising."" These guys are so funny and fun to watch. Especially the guy who plays the ""bard"" or ""minstrel"" or whatever, he has a gift for physical comedy and timing. There is so much background humor and energy in some of the scenes that make you really think that at least some of it was improvised there on set. The special effects needed to be worked on a bit, but I saw it at a convention last year and thats one of the things they said they were going to redo and make better, so it's probably wicked now!",positive
"""The sweet is never as sweet without the sour."" This quote was essentially the theme for the movie in my opinion. Tom Cruise plays a young man who was handed everything in his life. He takes things for granted and it comes around full swing in this great movie with a superb twist. This film will keep you engaged in the plot and unable to pause it to take a bathroom break.<br /><br />Its a movie that really makes you step back and look at your life and how you live it. You cannot really appreciate the better things in life (the sweet), like love, until you have experienced the bad (the sour). The theme will really get you to ""open your eyes"".<br /><br />Only complaint is that the movie gets very twisted at points and is hard to really understand. I think the end is perfect though. I recommend you watch it and see for yourself.",positive
"I read all these reviews on here about how this is a such a good movie. Jeez, this movie was predictable and pretty boring. The acting was below average most of the time, especially by Mckenna. I haven't seen a more pathetic attempt at making someone ""badass"" in a movie. Oh man, this movie was a letdown. I also read somewhere this might be a cult classic. I know there are followers of the director, but this movie was just a average piece of film.<br /><br />The script was lame, for the most part the acting was lame, this movie was lame.<br /><br />Oh and pray for the guy that used to be in Cheers. He looks really bad. <br /><br />The best actor in this movie was probably the guy in Office Space, and he was only in this movie for about 8 minutes.<br /><br />4/10",negative
"Fairly amusing piece that tries to show how smart Orcas are but in the meanwhile (and quite oblivious to them) makes the audience feel stupid by making the most ridiculous film. Richard Harris plays Quint.. I'm sorry, that's wrong, he plays Captain Nolan, a fisherman who catches sharks for a living, but is lured by the big catch, and tries to catch a killer whale. When the capture of a female killer whale goes awry (don't ask) it's mate (don't ask) goes on a rampage (don't ask) and starts STALKING Captain Nolan (Don't ask). Soon, Captain Nolan realizes that they have something in common (don't ask). Pretty amazing film-making here folks. I got to tell you though, the beginning (with the whale noises and nothing much else) is pretty haunting and the end credits (with the most godawful song) is pretty entertaining.",negative
"Anna Christie (1930)<br /><br />Anna Christie has some terrific parts, and some amazing performances, and yet it should be even better than it is. It has drama. Some of the scenes are really atmospheric, and if the interior shots around the table are a bore, other shots at night and at sea are really pretty exciting. Then there are the nearly historical, lively scenes set in Coney Island (even a brief jittery roller coaster ride), and the episode where two women are behind a netting in separate beds, and visitors to the midway can throw balls to try to tip them over, and the women (scantily dressed) egg the men on is weirdly sexual come-on kind of way. All the while Garbo (at the front of the crowd) watches.<br /><br />Garbo of course is what makes this movie more than just another very good early talkie. She plays all sides of her character. She is coy and skeptical and in some kind of inner anguish. She laughs and cries, withdraws and pushes outward. In some ways it's a forward looking, remarkable movie (directed by Clarence Brown, who has a whole series of significant films from this pre-code sound era).<br /><br />Though based on a successful Eugene O'Neil play, it's the writing that struggles a little as the actors seem to go through the paces at times. Marie Dressler is great in that exaggerated way she almost trademarked. And then there is Greta Garbo, who really does have a natural presence, even if it seems she's overacting, just slightly, at times (but then, so is everyone else). Garbo is of course famous first as a silent actress, and this is her talking film debut. Audiences loved her enough that she made a German language version the following year.",positive
"Ulises is a literature teacher that arrives to a coastal town. There, he will fell in love to Martina, the most beautiful girl in town. They will start a torrid romance which will end in the tragic death of Ulises at the sea. Some years later, Martina has married to Sierra, the richest man in town and lives a quiet happy live surrounded by money. One day, the apparition of Ulises will make her passion to rise up and act without thinking the consequences. The plot is quite absurd and none of the actors plays a decent part. IN addition, three quarters of the film are sexual acts, which, still being well filmed, are quite tiring, as we want to see More development of the story. It is just a bad Bigas Luna's film, with lots of sex, no argument and stupid characters everywhere.",negative
"What this film has is its realism , you really do get the feeling screenwriter James Slater has been doing his homework on the subject of downhill skiing while director Michael Ritchie shoots the movie in a fly on the wall documentary style . However the problem is unless you`re a big fan of the sport there`s not a lot in DOWNHILL RACER to grab your attention .<br /><br />Before anyone asks why I watched it , I did so because it featured the great Gene Hackman in an early role but that`s not really a good enough reason for watching",negative
"Many consider BEAST STABLE to be the last of the ""true"" FEMALE PRISONER films, as it is the last of the series directed by Shunya Ito, and is followed by one other film (GRUDGE SONG) by a different director. I have not seen GRUDGE SONG yet (but soon will...) so I don't know how it stacks up to the previous FP films - but it will be interesting to see. The way BEAST STABLE ended didn't really leave a lot of room for another predecessor - but I guess I'll find out...<br /><br />This entry has Scorpion on the run from the cops, where she hooks up with a street-hooker who ends up pregnant with her retarded brothers child (oh yeah - that's no lie...gotta love these sleazy story lines). Scorpion ends up being kidnapped by an old rival, but (as she is so good at...) ends up escaping and taking revenge on some people that wronged a few of her hooker friends...<br /><br />I agree with some other reviewers, that this one is a little slower at points and more ""serious"" then the previous two entries. The story is somewhat confusing and convoluted at times, but a lot of these 70's era pinky films are - and I still love them. BEAST STABLE is lacking pretty badly in the nudity area which was pretty disappointing - but I thought it strong in other areas - storyline, cinematography, some good sleaze,etc...Definitely worthwhile to fans of this sort of thing, or who have enjoyed the other FEMALE PRISONER films...8/10",positive
"Such a joyous world has been created for us in Pixar's A Bug's Life; we're immersed in a universe which could only be documented this enjoyably on film, but more precisely a universe which could only be documented through the world of animation. For those who have forgotten what a plentiful and exuberant world animation can offer  when it's in the right hands that is  A Bug's Life is a warm reminder. We walk out of the film with an equally-warm feeling, and a sense of satisfaction derivative of only high-calibre film productions.<br /><br />It is only Pixar's second animated feature. The sub-group of Disney made their spectacular debut and perhaps entirely inadvertent mark on the film world three years prior in 1995, with their landmark movie Toy Story. It was a movie which defied convention, re-invented and breathed new life into animation and defined a whole new level of excellence. Now, they return with their sophomore effort which, to be honest, draws a creeping sense of cynicism in us all prior to seeing the film.<br /><br />After all, it's a film about ants. Well, all walks of the insect and bug world are covered in A Bug's Life, but it is the ant which is the focal point in this film, as humans are the focal point in dramas, romances and so on. How can such an insignificant species of animal such as an ant act as the protagonist of a movie, let alone provide the entire premise of a feature film? Surely they jest. However, we forget that in Toy Story, a bunch of toy-box items were able to become the grandest, most inspiring and lovable bunch of animated heroes and villains ever concocted. The guys at Pixar manage to pull off the same feat, and manage to turn a bunch of dirty and miniscule bugs into the most endearing and pleasant gang of vermin you'll probably ever encounter.<br /><br />Not only are they all entirely amiable and likable  there isn't an unpleasant character in sight; even the villains are riveting characters  but they're colourful, they're eclectic, and they're idiosyncratic. And the array of characters is also gargantuan for lack of a better term, only adding the rich layers of distinctiveness already plastered onto A Bug's Life from the beginning. We shall start with our main character, and our hero. His name is Flik (David Foley), and his character is rather generic to say the least. Out of the thousands of faithful and obedient worker ants residing on the lush, beautiful Ant Island, he is the one considered the 'black sheep' of the clan, as seen in the opening moments of the movie when he inadvertently destroys the season's harvest with his antics.<br /><br />The problem arises in the fact that the ants' harvest is for a bunch of greedy grasshoppers led by Hopper (Kevin Spacey), who are eager to continue to assert their wrath and autocracy amongst the puny little ants; when they show up to Ant Island for their annual banquet and see that their offering is gone, they go insane, for lack of a better term. Hopper offers a proposition to save the ants from total extinction at his pack's hands; however, it's a negotiation which is simply impossible to fulfil. The cogs and clockwork in Flik's mind run at full steam now despite his guilt and shame, and he offers to leave Ant Island in search of some mighty bug warriors who can come to the colony's rescue and fight off Hopper and the grasshoppers.<br /><br />If you think about it, A Bug's Life bears some heavy resemblance to the plot line's of Akira Kurosawa's classic Seven Samurai, or the American remake The Magnificent Seven, in which a village of hapless but good-hearted folk are threatened by malevolent and wicked enemies  one lone village-dweller goes in search for help in the big city, finds it and returns to the colony to drive off evil. In A Bug's Life, the help comes in the form of a down-and-out circus troupe who is mistakenly perceived by Flik as warriors in a bar-room brawl.<br /><br />Much amusement comes out of these scenes, and much amusement comes out of these circus troupe bugs. Among them are an erudite stick insect (David Hyde Pierce), a side-splitting obese German caterpillar by the name of Heimlich and a quasi-femme fatale ladybug who's in fact a gritty and masculine ladybug (Dennis Hopper). It's exceedingly enjoyable watching these bugs on-screen, as it is watching the bugs and the insects interact on-screen, as is the entire movie collectively.<br /><br />As I've said, much amusement and mirth comes out of their characters and joyous interactions with one another, which give way to a bevy of hilarious lines, wonderfully suspenseful and riveting situations and overall a dazzling movie. What makes A Bug's Life even better is that the film isn't restricted simply to children as many may perceive it to be, although children would indeed find more entertainment out of this film  the clichéd kid-friendly situations are a bit more abundant than we'd like. However, it's easy to ignore this fault, and it's incredulously easy to enjoy this film.<br /><br />Although A Bug's Life may not reach the dizzying and landmark standards set by its predecessor, this is still a superb movie, and the start of something promising here. Pixar have proved that they're not just a one-hit wonder, but instead a much-gifted and talented group of film artists in Hollywood. They raise the bar endlessly, and when someone always manages to top their standards, it's only always by themselves. What more is there to say about A Bug's Life other than: see it; it's not quite the best which we've seen from the folks at Emeryville, California, but this beats out the lot of its year  and I'll be damned if this isn't the best animated feature of 1998.<br /><br />8.5/10",positive
"Looking at these reviews and seeing all these high ratings leave me to believe that large amounts of red corn syrup will please just about any brain dead idiot. This movie is beyond useless. All the cliché's of a slasher film without any substance. I am sure I could go in to details about the movie but why bother when you can sum it up? Obviously everyone wants Mandy Lane and she apparently wants none of the guys. Throughout the movie you will see this.<br /><br />When she stops being friends to the typical boy trapped in friend-zone loser, he goes ballistic and when she goes on a road trip to the middle of no where (of course) he begins to hunt them one by one. Sounds decent so far right? But what made this movie suck beyond belief is when you find out that not only is her loser friend the killer but she is as well.. The plan was beyond ridiculous. Lets together kill all our friends and then kill each other. They give no reason why they wanted to do this and given Mandy Lane's ""Goody Too Shoes"" demeanor it makes you scratch your head even more as to what is actually motivating these characters to do anything they are doing. It's sad.. this movie had lots of potential but the director or writer apparently can't relate to the audience in anyway.",negative
"Well, sadly, I can't help but feeling a little bit disappointed after my much, much, MUCH-anticipated viewing of ""Just Before Dawn"". Jeff Lieberman is a terrific filmmaker and he can undoubtedly do great things with a tiny budget, but I nevertheless expected to see a far more sadistic and gruesome early 80's slasher. But actually I'm beginning to think that Lieberman isn't the one to blame for this, but WE gorehounds are! It's more than obvious that Lieberman intended to make his take on the backwoods-slasher look like ""Deliverance"" and absolutely NOT like ""Friday the 13th"", which immensely popularized the sub genre one year earlier. The horror and constant sensation of menace doesn't mainly come from the demented maniacs with their machetes, but from the genuinely ominous and isolated Oregon forests where this movie was shot. In case the film seems slow and uneventful, this is only because Lieberman takes his time to introduce the dark woods and eerie mountains as extra characters in his film. We hardly ever see the killers in person, but there always appears to be someone luring from behind the trees or from underneath the mountain lakes. Bearing this in mind, ""Just Before Dawn"" becomes a highly admirable horror effort and actually a lot better than its contemporary blood-soaked colleagues. Amidst a nearly endless selection of gory and sickening slashers, Lieberman successfully puts the emphasis back on tension and character development. The plot revolves on five twenty-something friends heading for a camping vacation in the Oregon woods, where one of them owns a small piece of land. The woods are deserted and, naturally, the campers ignore forest ranger Roy's (George Kennedy!) advise to return back to civilization. Shortly after, they brutally encounter an inbred family of which the twin sons have murderous tendencies. All five main characters are surprisingly likable and convincing! No irritating stereotypes for which you don't feel sympathy anyway, like slutty girls or football jocks. As a result of this ""natural"" character, you automatically cheer for them, even when they eventually almost turn into savages themselves. The sublime camera-work supplies the film with an at times unbearable tension level and Brad Fiedel's chilling electronic score only adds to this effect. ""Just Before Dawn"" is a fine slice of early 80's horror, as long as you don't desire blood to drip from your TV-set.",positive
"This was the next to last film appearance by Jill Ireland, who died of cancer in 1990 after four decades as a well-known actress and producer. Ireland made quite a few waves in the press when she dropped her then-husband David McCallum in 1967, beginning her long relationship with Charles Bronson. It is a great irony that Bronson, probably the all-time leader in number of deaths rendered on-screen, had one of the most enduring marriages in film history.<br /><br />'Assassination' seems to be a movie that was tucked into Cannon's production schedule for the sake of Bronson and Ireland. Ireland was already suffering from cancer-related illnesses in 1987 and you can almost picture the two actors wanting to do 'just one more, for old times' sake.' 'Assassination' is carelessly done as a whole, showing the lack of polish and dwindling funds that would tank Cannon by 1990. But there's a kind of nostalgia value in seeing the couple together one last time and the film makes you wonder what exactly helps a relationship to survive in the chaos that is Hollywood.<br /><br />Bronson plays Jay Killian, a high-ranking Secret Service agent who is assigned to protect the First Lady, Lara Craig (Ireland). The President's wife has a reputation for being difficult, bossing Service agents around and wanting to do things her own way. That all changes, however, when attempts are made on her life and she must journey with Killian by car, train, motorbike, and believe it or not, dune buggy to escape would-be assassins. There is little surprise here, as Killian believes the murderers are part of an inside job, perhaps arranged by the President himself. On the way, Killian and Mrs. Craig develop an unspoken affection for one another in scenes between Bronson and Ireland that are actually very funny.<br /><br />What really gets me is how this film was promoted upon its release and how it's still made to look as a DVD. The original trailer gives you the feeling that 'Assassination' is another cold-hearted Bronson shoot-'em-up. But a lot of this movie - which was rated PG-13, by the way - is in a comic vein, putting it along the lines of a romantic thriller like Bronson and Ireland's western 'From Noon Till Three.' Even the DVD case shows Bronson with a rocket launcher, ready to blow things up. Which he does, but to a lesser degree than his other '80s potboilers.<br /><br />On the whole, 'Assassination' is late Cannon slop work and doesn't really know what kind of film it wants to be. Besides drifting from actioner to romantic thriller and back again, there are serious mistakes in continuity, property values are bottom-of-the-barrel cheap, and the effects are dreadful; many of the explosions seem like matte work rather than being done on location. Robert Ragland, who had shown good composing skills in earlier films, teamed up with Valentine McCallum on a score that is mostly synthesized and better fit for television.<br /><br />Richard Sale's script has real lulus of dialogue, with the conversations between Bronson and Ireland the only bright spot. There is no explanation as to why the First Lady is called 'One Momma' all of a sudden, nor as to why Ireland is left with her British accent when the character is a Wyoming native. Jan Gan Boyd, playing Killian's main assistant, has a kitten-like personality and is badly miscast as a federal agent. Stephen Elliott (a former Tony Award nominee who died in May 2005), Randy Brooks, Erik Stern (as assassin Bracken), and Michael Ansara (Senator Bunsen) are acceptable in their supporting roles.<br /><br />Incidentally, this was the last film directing gig for Peter Hunt, who broke onto the scene with 'On Her Majesty's Secret Service' in 1969 and collaborated with Bronson and Lee Marvin on 'Death Hunt' in 1981. 'Assassination' is available on DVD through MGM Home Entertainment; it is presented in dual widescreen and standard format with three-language subtitles and theatrical trailer.<br /><br />** out of 4",negative
"Spanish horror icon Paul Naschy stars in this, one of his weakest werewolf films... but bear with me for a moment. Most people will be familiar with it under its most common television title, THE FURY OF THE WOLF MAN, and there have been many home video versions of it over the years. If you want to be serious about giving it a fair shot though, the most workable edition I've seen of it goes by the title THE WOLF MAN NEVER SLEEPS, and it's an unedited and complete European version which restores a couple of disturbing scenes and contains the original nude shots which are missing from FURY's print. It is also letterboxed.<br /><br />Naschy plays Waldemar Daninsky, returning home from a trip to Tibet only to find out that he's contracted a werewolf curse and that his wife has been having an affair. He takes care of her and her lover while in animal form, but then becomes a guinea pig for a sexy woman doctor and her female assistant. Apparently, the doc attempts to ""tame"" the werewolf, and there is a very strange sado-masochistic love scene between her and the hairy and fanged Daninsky who is under her trance, at least in the original version. Ultimately we get two werewolves for the price of one as Daninsky battles a she-wolf! <br /><br />The biggest problem with the movie is that the director (according to Naschy's claims) was often drunk, and the results are indeed rather incoherent. When watching THE WOLF MAN NEVER SLEEPS copy, it's not quite as difficult to make out what's going on, though the editing remains atrocious in spots. Worst of all is occasional non-matching footage of Naschy's ravenous werewolf swiped straight from another previous film (LA MARC DEL HOMBRE LOBO, aka ""FRANKENSTEIN'S BLOODY TERROR"") and mixed into this one without any sensible reason! The wolf's clothing changes from black shirt to white and back again, as does his demeanor; one moment the wolf is walking around lethargically in a hypnotic trance from FURY, next he is growling and running around savagely from BLOODY TERROR. Really bizarre.",negative
"For the big thinkers among us, ""The Intruder"" is a maddeningly incoherent movie from France that gives so-called ""art films"" a bad name. The story is something about a bitter old coot, Louis Trebor (Michel Subor), who goes searching in Tahiti for a heart transplant, but beyond that, I have no idea who any of the people in the movie were or why they were doing what they were doing. With no coherent storyline to boast of, the movie loses us early on, though I'm perfectly willing to admit that there might be SOMEBODY out there who actually gets some deep message out of this film. <br /><br />This muddled, snail-paced drama runs a full two hours and five minutes - though I seriously doubt anyone with any kind of a life will still be hanging around by the closing credits.",negative
"Does anyone know what kind of pickup John T drove? I looks like a mid to late 70's Ford. This movie is my favorite as well as my wife's. It was the first memorable movie we saw as a married couple. The pick up is of interest as it is similar to the first truck I drove and recently found another like it. I would like to restore the pick up I have to resemble the on in the movie. Also the music was awesome, and the acting was great. Where and what is the lady who portrayed John's aunt? Also did John have a stunt double for the scene on the tower when he almost fell? Also what year of Mustang did Debra W drive in this show. It looked like a 60's model. Thanks,",positive
"I really liked this film. All three stars(Connery,Fishburne and Underwood) give credible performances;and Harris is enjoyably over the top. The lighting and shot angles in some of Harris' scenes make his face look truly diabolical. The surprising turn of plot at the end makes it interesting. Not a great movie, but an enjoyable one. I gave it 7 of 10.",positive
"I liked SOLINO very much. It is a very heart-rending story of an italian family moving to Germany. And it's an story about brotherly love, hope and disappointment. And the film is never boring. Go and see SOLINO!",positive
"I noticed with some amusement that in the end credits, the Detroit PD is thanked for their participation. The Chief of Police even has one speaking line playing himself (and boy, can you tell he can't act). The reason for the amusement is that in this movie the police shoot first and ask questions later. Not the kind of PR, I would think a police force would want. Other than that, this is your standard cops and robbers film dressed up for the '70's with a racial angle. Alex Rocco is given a thankless role of a lifer cop that can't get ahead and is saddled with a mentally ill wife. He makes up for this by hanging out at the local whorehouse. Hari Rhodes is his dashing partner that has a groovy wardrobe and likes to chase after suspects while wearing a trenchcoat. The movie moves along until the penultimate shootout that makes absolutely no sense (why do people that are only guilty of a robbery, take on a whole police force?). Not only do we see one shootout but since there are four bad guys, we get to see four. Then there is a twist ending that is supposed to leave one guessing what really would have happened but only left me thinking how stupid it was. Seeing that director Arthur Marks was also behind the braindead ""Friday Foster"" and ""Bucktown"", I shouldn't have wondered.",negative
"Unreal !!!!!!!!. After reading the initial reviews posted by alleged reviewers ,I was shocked to find that almost all of the initial reviews, 38 , all rated this film a 10. Upon comparison with other great films, these reviewers felt that the Quick and the Undead is a better film than,The 6th Sense(8.2), Saving Private Ryan(8.4), Lord of the Rings( 8.7),Godfather(9.5), Gladiator(8.1) and Dawn of the Dead ( 7.8) to name a few. Hopefully these shills utilize their next discounted lasik procedure, that they hear of, because it is completely obvious that these reviews have been falsified.<br /><br />I was led to believe that this film featured a unique concept in the genre of Zombie film making. Sadly upon watching the Quick and the Undead , It is obvious that these reviews were generated by people who either were involved in the production, or have a vested interest in the films marketability / financial success. Nothing cements this in my mind more than hearing that a portion of this film was shot in Texas, were, coincidentally allot of the early posting praising the film are from. The Zombie film / Horror B movie culture on a whole is a forgiving group, but this film is sadly beyond any redemption. The characters are recycled,and the plot poor.The film quality was not bad enough to be labeled camcorder,and at least they used a film quality camera . The acting is horrible, the star trying unsuccessfully to come off as a Clint Eastwood wanna be clone. Christ on a Bike !!!!!! Even the lead actor's name is Clint. He was just terrible. The only resemblance to Clint Eastwood, is that the lead is using the ""wood"" from Eastwood's name in his style of acting. The Zombie makeup was above Halloween party quality , but not applied completely to the full undead cast members. Allot of zombies were not made up on their hands. The plot was so hokey that it had me hoping for a power outage, a blemish on the DVD disk, or that the zombies would turn their attention on the director. Maybe the film has worth to some viewers, but not for my hard earned dollar. Luckily I used my free rental coupon to check out this DVD. Maybe this film will be rescued by Nott entertainment ( aptly named) releasing a special collectors DVD, which will tie up loose flaws, and deliver the promised goods??? Some how , I think NOTT !!!!!!!!!!!!!!!!!!!!!!!!!!!!!!!!!!!!!!!!!!!!!!! Lets just hope that their next release , The Flesh Keeper is truly a ""keeper"" of a film ..and not a 5th generation recycled version of The Texas Chainsaw Massacre. Fingers crossed here folks...but only if you care.",negative
"Really, really bad slasher movie. A psychotic person escapes from an asylum. Three years later he kills a sociology professor, end of scene. One semester yesterday later (hey, that's what the title card said) a new sociology professor is at the school. She makes friends with another female sociology professor who works there, and starts dating another professor. The students are all bored, as are we.<br /><br />There are a number of title cards indicating how much time has passed. Scenes are pretty short, and cut to different characters somewhere else, making for little progression of any kind. A lot of scenes involve characters walking and talking, or sitting and talking, and serve little purpose. Despite the passage of time, many of the characters are always wearing the same clothing. Sometimes the unclear passage of time means when we see a body for the second time, we ask ourselves: how long has that body been there? And also, at least one of the dead people don't seem to have been missed by others.<br /><br />The killer manages to kill one person by stabbing her in the breast, another by stabbing him in the crotch, and another by slicing her forehead. Is his knife poisoned or something?<br /><br />The video box cover has a cheerleader: there aren't any in the movie. The rear cover has a photo of someone in a graduation cap and gown menacing a group of women in a dorm room. The central redhead in the photo is in the movie, but nobody ever wears such an outfit, and there is no such scene. The killer is strictly one-on-one.",negative
"The opening scene of this film sets the pace for the entirety of its ninety minutes. The shots are generic, conventional, and of television movie quality. The snow drenched scenery is gorgeous, yet the characters held with in it have a similar quality to that of looking at a photograph of such scenery, the overwhelming feeling being that of distance. Some of the editing is fairly high quality and the work of an veteran professional, the dialogue however is clunky and artificial, having little bearing on 'real' conversations at all seemingly. Any emotional insight is displaced in favour of swearing, which is of course the way in which everyone shows their true feelings. The action is slow and underwhelming, the overall feeling being one of someone trickling cold water over your head, but so slowly that you barely notice, yet eventually you feel pathetic and slightly sorry for yourself for being caught in such a incomprehensible situation.<br /><br />The mixture of genres that the Fessenden has seemingly tried to use; psychological thriller, horror and family drama, although commendable suffers from a serious lack of tension and interesting dialogue. The way in which the husband, wife and child trio interact is particularly unrealistic. The themes of family relationships being played out in haunting setting have been covered countless times before by far superior films, an instant example being that of The Shining (1980). The family unit here are torn by innocuous troubles which are hard to understand or sympathise with considering the relative ambiguity of the script.<br /><br />The family unit is hardly stalked throughout the film, Fessenden playing down the thriller possibilities of the narrative in favour of a slow family drama for the majority of the running time. The 'stalker' figure Otis has few apparent motives for his behaviour and despite being perhaps the most interesting and well acted character is still very underdeveloped. The main characters are empty husks of people who it was extremely hard to relate to, their relationships with each other being particularly void of any sentiment or feeling. Although the ignorance of the Erik per Sullivan's young character by his parents is presumably part of the story, surely any reasonable person would question their son if he allegedly spoke to someone who seemingly doesn't exist? People can accept this film as intelligent because of its relative lack of conventional aspects regarding creature based horror movies but this film fails in respect of whichever genre you wished to pigeonhole it in. You can read deep psychological meanings into every single minute detail of anything if you should so wish to but I think people would be better off over analysing their carpet for some deep emotional meaning, rather than these vacuous sub-human creations.",negative
"Buck's role as The Kahn brings to mind Bob Barker (of The Price is right) running a country the same way he runs his show. But there's lots more to chuckle and snort through in this turkey. Kurt Thomas as the baby-faced ""hero"" displays some considerable acrobatic skills, but not a whit of acting talent whatsoever. There's a few spooky moments (in the Village of Crazies, mostly), and some mildly impressive martial arts sequences. But any given ""Ninja"" movie will give you much more entertainment, and you won't feel as guilty about laughing.",negative
"] Haven't seen this film? Haven't even heard of this film? It wouldn't surprise me. One of the few truly ""independent"" films produced in the last ten years, no studio had faith in the picture and it was never picked up for major distribution. The independent company Kino Films, gave BOESMAN AND LENA a very limited run with virtually no promotion, and the majority of major film critics didn't even bother reviewing it. I guess a movie based on a one act, one set play about the apartheid and its affect on two individuals never really had a chance in today's market - and it's the intelligent film-lover's loss.<br /><br />For the record, both Angela Bassett and Danny Glover deserved Ocsar nominations (as did the cinematographer) but the film received such little fanfare that I can't even blame the academy on that one. This is a film that is challenging, thought-provoking, and heartbreaking, and it actually requires the audience to meet it on it's own terms. Taking that into consideration, it is definitely not a movie for mindless entertainment. Director John Berry wisely does not attempt to dress-up Athol Fugard's play. Sure, we're given a few fractured flashbacks and some breathtaking scenic shots, but the film version of BOESMAN AND LENA remains, on the whole, a story of two people living in inhumane conditions.<br /><br />Stripped of their basic human rights, Boesman (Glover) and Lena (Bassett) have no one left to attack but each other. A third character joins them for awhile (Willie Jonah, amazing in a largely silent role), but the film's focus never strays from the title characters and what they've become. Bassett and Glover give brave performances as the broken couple, performances that simply could not be improved upon. Vigorously and brutally stimulating, both intellectually and emotionally, BOESMAN AND LENA deserves to be rediscovered of home video. Hands down, the best film of the year 2000.",positive
"I don't know if it's fair for me to review this. I'm not a fan of gratuitous violence. I've never understood the movie industry making heroes out of mob members and cold blooded killers. When The Godfather came out, I thought they had broken the mold, but the decades have produced a series of well-acted mob movies with major stars and directors doing them. This one is obviously low-budget, but it is certainly well done. At some point in all of these I feel like I want to take a shower. If such characters actually exist, it is hard for the soul. I always intellectualize that humankind will rise above this sort of thing. This kind of crud has to be stopped. I hope the people that go to films like this are more voyeuristic and less vicarious. I feel sort of the same way about slasher movies. Why do we have a fascination with death and dismemberment? In fairness, I am judging this on the acting and directing, and for what it is, it seems to work pretty well.",positive
"This a wonderful sequel to the award winning Lonesome Dove miniseries in the 1980's. This sequel is perhaps, better than the original. It is definitely more family friendly. The language is more subdued. There is plenty of violence and one particular scene with Cherokee Jack is particularly gruesome. However, overall a great movie. The acting is superb. William Peterson is fantastic. Such a great dramatic actor with a quick sense of wit and comic timing. Jon Voight aptly fills Tommy Lee Jones' shoes as Captain Call. Ricky Shroder gives a great heart-filled performance as the young boy who grew up with no family to claim him. Highly recommended.",positive
"The most remarkable thing about ""Talk Radio"" is how bad it is. The callers' voices all have a phony, reading-from-a-script ring to them. An evening with an annoying loudmouth at a Dallas radio station is told with the portentousness of a Sartrean glimpse into Hell. Stone tries for an existential revelation and gets unintended comedy instead. Whenever a caller makes a ""profound"" (empty) point about something, Stone shoves the camera at one of his character's face as they are stricken with some traumatic realization that is never revealed to the audience. Bogosian overacts throughout in one of the most irritating performances ever smeared onto celluloid. Underrated classic? Give me a break.",negative
"I attended a screening of this movie. It was wrought with clichés and very unfunny jokes and set ups. I think the other comments were by people who must've worked on the movie or been family members of the cast. I'm amazed this movie cost $3-$4 million without any real stars. Where did the budget go? It obviously didn't go to writers for re-writes. Nice thought to bank on the success of Big Fat Greek Wedding, but a major miss. There was little or any spark between the main characters and the inciting incident was a bit flimsy at best. The direction was uninspired and looked like a student film.<br /><br />I don't even know what it means Everybody Wants to Italian. Is that a real saying. I've never heard it.",negative
"Somebody called Howard Koch a schlockmeister but he did write the screenplay for ""Casablanca"", didn't he? Or didn't he. Maybe there's more than one Koch slinking around in Hollywood, and I'm not too fond of ""Casablanca"" anyway. Wait a minute -- yes, there is another Howard Koch slinking around Hollwyood. That's the one who wrote ""Casablanca."" No matter. I'll put as much care into this comment as ""Howard W. Koch"" put into this production, which is to say only a little.<br /><br />You know what this sounds like? Somebody read Cliff's Notes on Shakespeare's ""King Lear"" and decided, since no original thoughts were aboard the Inbound Inspiration Express, to update it and Hollywoodize it with a happy ending.<br /><br />There are differences. Lear decides to divvy up his vast estates between three sisters and before doing so, asks them how much they love him. Two of the sisters throw themselves at his feet and brown nose him to get at his money. The third is the good girl and refuses to go operatic on Lear. But in the play, Lear remains alive to regret his decision to give the two connivers his stash and deprive the honest girl. He winds up crazy and naked during a gale on the moors, putting flowers in his hair and hallucinating. Kids can do that to you. (Take my kid, for instance. After all the effort I squandered on raising him, does he show any interest in becoming a doctor or a lawyer? No.) In the end, everybody in the play dies.<br /><br />In the movie, evidently, the good sister is morose and suicidal but when she tries to off herself, somebody jumps in and saves her, so the ending is, more or less, happy. That's the difference between Hollywood and a genuine tragedy, unless you define Hollywood as a tragedy sufficient unto itself.",negative
"Once again proving his amazing versatility, John Turturro plays the introspective Russian chess genius preparing for a comeback tournament, and forging an unlikely relationship with a gadabout fellow resident (Emily Watson) at a 1920's Italian hotel. They fall in love,to the horror of her social-mountaineering mother (Geraldine James).A wonderful love story, whose gloss of chess might make it appear cerebral.But in spite of its origins in a Nabakov story, it certainly is not .The romantic elements and the sense of time and place beat the psychological analysis hands down.John Turturro, having appeared in ""Barton Fink"" ,""O Brother,Where Art thou?"" ""The Big Lebowski"" proves that he is not dependant on Coen Bros films to assert his stature.",positive
"I had a hard time staying awake for the two hour opening episode. It was dumbed down to such an extent, I doubt if I learned a single thing. The graphics were rudimentary. Any small idea was repeated ad nauseum. Contrast this to the Cosmos series hosted by Carl Sagan. That had a good musical theme. There was NO music coming from these infernal 10-dimensional Strings.",negative
"**May Contain Spoilers**<br /><br />A luckless South Sea islander is executed by other (Caucasian-looking) natives after he befriends visiting scientists Tod Andrews and Tina Carver. The meddlesome scientists dig him up and find that he has taken the form of a humanoid tree. He comes to life and goes on a rampage and sure enough, that Fifties boogeyman, the A-Bomb, is blamed for this aberration. To state that this particular monster walks like it has a stick up its a** would be redundant. Suffice it to say that the critter lumbers along, like the film itself, throwing his enemies into some handy quicksand and giving the main characters one more thing to make stupid comments about. Paul Blaisdell created the tree-man suit and it's hardly his best work. Over the years this flick has been sujected to many comments like ""To Hell it can go!"" Personally I think it's the best walking-tree movie I've ever seen.",negative
"Give this movie a break! Its worth at least a ""7""! That little girl is a good actor and she's cute, too. Jim Belushi is a comic genius. You can't help but feel good at the end! I wish there were more wholesome shows like this, that you can enjoy with your kids!",positive
"I feel very fortunate to have the chance to not only watch this film, but also learn more about this fascinating person and time. Lumumba is an outstanding portrayal, giving a full sense of the story without falling into the usual Hollywood trappings - yes, he is shown with his wife and children, but the essence of the story is his politics and those of the still-emerging independent Congo. The film is brilliantly made, moving along at a pace that is consistently engaging. I look forward to seeing other Raoul Peck films, as well as more from Eric Ebouaney!",positive
"this is a classic American movie in combination with comedy, romance & dream. you may say:' there have been lots of these kind of films already. but just believe me, you'll find this a good one because it's well directed, scripted and played. Amanda Bynes's just crazily amazing! she's humor, cute & charming both inside & outside the screen. she's the MAN indeed!!! the message i get from it is to pursue your own fairy tale. what i mean by'fairy tale' is not the one with prince & princess, but indicates 'faith'. namely, it tells us to hold your faith, dream & things that make you regret for your whole life if you don't do that. one of those movies you can't miss out in your life.",positive
"I just finished a double feature night of An American Werewolf in London & Paris. Let me start by saying ""London"" still holds up after all these years and the transformation sequence is by any standard quite impressive, the film was funny, and scary, also a bit of gore....Now lets get to ""Paris"" its enjoyable, a few scars, lots of gore not as exciting or eerie as original but it does have a few laughs in what has become quite the fashion these days in films so maybe in that sense it was ahead of it's time, the transformations al'a CGI while good for the technology of its time are nowhere near as impressive as the original. I gave this movie a 7 because I have to admit it was enjoyable, I laughed a lot and found Tom Everett Scott to be so silly that at first I wanted to dislike his performance only to end up liking it...go figure...Julie Delpy was competent as was the direction it's the script that lacked a bit of shine & finesse. I read here that John Landis was supposed to direct to bad he didn't I am quite sure it would have been a different movie altogether. I also noticed some discussion of a Sequel ""What If"" well no one has noted the Obvious it should be in American and here is my title ""An American Werewolf Comes Home"" or in DC that would be fun all those political dogs need a good scare. You simply must see the original in it's new DVD transfer with dolby 5.1 sound and see both of these on an HDTV with upconvert turned on...nice!!!!",positive
"I just wanted to write a quick response to all those people who give this film a bad review because they think it isn't funny or that it's boring. <br /><br />Here's the trick --- the film is not meant to be just a comedy. It's got some depth to it. Like many Demme films it deals with people living in some of the odd corners of our society who are trying to work out how to put together a fulfilling life for themselves. <br /><br />Unfortunately, the movie and home video industries don't deal well with subtlety and drop this in the ""COMEDY"" bin. It IS funny, but a lot of the humor is off-beat. However, the heart of the movie is not about the humor but about the people in it.<br /><br />It may not be one of the greatest films in the world but it is solid and entertaining. <br /><br />And the cast is one of those that shows why casting is an art unto itself. Michelle Pfieffer is great and this may be the film that showed she had some acting chops to add to her beauty. Mercedes Ruehl is a big hoot and gets to chew the scenery in the way only she can, in a role which requires it. Throw in Oliver Platt, Joan Cusack in smaller roles and the talented Dean Stockwell ... and even Chris Isaak and you've got a great cast throughout which here, as usual, makes a great difference.<br /><br />Matthew Modine is fun, but more important, he's a major hottie in this movie. Hot, cute and sexy.<br /><br />Sit back, expect the unexpected and let the movie take you where it wants to go and you should have a great time.",positive
"I grew up watching the original TV series in the sixties and one thing that I can tell you right away, there is NO comparison. This film was totally ridiculous with a flying suit that was alive. A martian that took different shapes. Special effects that looked like something that a little child would create. In contrast, in the original, characters were developed and the viewers developed a feeling for Tim and Uncle Martin. The only highlight in this film, yes, actually there was one, occurred when Ray Walston finally made an appearance at the end. He wore dark glasses and made references to living on this planet for 30 years as a sort of homage to the TV series. But even the real Uncle Martin could not save this turkey.",negative
The hero John Keem is going after some drug dealers who kidnaps girls for some reason. On his journey he uses karate and kung fu moves and I don't believe he got hit a single time during the movie. This is Crap.,negative
"This film is unbelievable on any level. It fails as an action film because no one would be fooled for a moment that the props, actors and scenery are realistic. It fails because even the most gung-ho would see through the hollow chauvinism portrayed by the film, a hypocritical might is right mentality.",negative
"This was directed by Ruggero Deodato, a true icon to many horror film fans after he directed the seminal and notorious Cannibal Holocaust. However, don't expect to find any such notoriety in the film reviewed here as it proves to be incredibly tame in comparison and plays more like a Conan inspired outing for a young audience.<br /><br />Such a description may instantly put off most fans of the whole Conan inspired Sword & Sorcery genre but before you turn your nose up at this, it has to be said, this movie is just so much fun!<br /><br />It's mostly played for laughs and features two HUGE and highly likable heroes in the form of David and Peter Paul aka. the Barbarian Brothers who both seem to be having a ball with their characters.<br /><br />B-Movie favourite Richard Lynch turns up as the main villain in the piece and it's also great to see roles for Big George Eastman and Michael Berryman.<br /><br />Added to this, the ladies are stunning to behold and suitably scantily attired throughout the films duration (a staple and much welcomed ingredient in the genre!)<br /><br />What can I say, - this simply is a really fun and lighthearted take on the genre and I recommend it wholeheartedly!",positive
"Down at the Movie Gallery, I saw a flick I just had to see. It looked like a fun low-budget horror/action/western that I could get into. Yeah, I knew it would suck, but I rented it anyway hoping for laughs. Only a few laughs were to be found. This was an extremely stupid movie. It begins with a bounty hunter, our protagonist, who is possibly the weakest main character in the history of film. He looks/acts like he could take on Chuck Norris, but he can't. His dialogue sucks too. Anyway, he goes into a village, shoots some zombies. You could tell they tried to make this longer by putting in these boring scenes where he takes 3-5 minutes to reload or watch some zombies. At least the zombies look cool. So anyway, some people get shot, some zombies die, and in the end, everyone is dead except our main character, who should have died at the beginning when he was shot down by four people.",negative
"I was at the premier of the movie last night in Rome. I am not an expert in the book, however there are a great deal of changes from the book to the movie. The pacing of this movie is much faster than the Davinci code. Many things were trimmed otherwise this would be a 4 hour movie. Many things were also changed to give the movie a fast pace. I think what matters is the feel of the movie and that works well for Hanks, Brown and company.<br /><br />There are some things in the book that would appear very implausible in the movie form. I am not giving any spoilers, except to say the ending of the movie is handled in a slightly different way. How Leonardo Vetra was found is also different. Those who see the movie might be interested in reading the book to get the full details of the story. Some minor details are are also cut from the movie.<br /><br />Although they did film in Rome, they had to recreate interior shots. Since I went on a walking tour of Rome the day before the movie I can say that the interior sites are authentic in look and feel. Kohler is not in the movie and not much is shown about CERN. Hanks does a good job and there are some interesting scenes involving the Vatican archives. Of course they had no access to that area and I am not sure if anyone actually knows what the Vatican archives look like. Eyelet Zurer has her break in this movie as Victoria Vetra and does a good job as eye candy for Hanks.<br /><br />This movie should be received better by the critics and public, but you never know. Ron Howard mentioned several times in interviews and as we saw him and the cast before the movie, that this is just a movie.",positive
"There are spoilers but trust me, I'm doing you a favor.<br /><br />My friends and I like to watch crappy movies every so often. Inspired by Mystery Science Theater and our knack for on the spot jokes; We set out to find movies worth watching that are in fact...not worth watching. However trouble comes into paradise when these movies can only be found if you buy them. And I am a firm believer in not giving one cent to such a group of talentless scumbags. So, as another reviewer has said, films like this are a reason why downloading movies for free should be legalized. I prefer the idea of; instead of straight to VIDEO you have straight to INTERNET. That way the ass-bags who made this travesty won't ever turn a profit. Which unfortunately you know they do. They hire a bunch of actors who can't act, special effects from a high school classroom, rubber snakes you can get at the dollar store, constant vomiting of green jell-o, and the two main characters who seem to switch between being border jumping Mexicans who only speak Spanish, to Arabs to being 100% fluent in English, random nudity, a guy being shot like 10 times including one to the side of the head and living and the most retarded ending in the history of film, book, cave drawings and hustler magazine. The fact that I actually predicted that the jell-o puking snake girl would actually TRANSFORM into a snake about half way through terrifies me...<br /><br />Anyways, the movie is great to make fun of, but you have to make sure there's at least 4 of you and you're all spitting out jokes in rapid fire, because if there's even 1 second of watching this movie where you're not laughing your ass off, you will feel physically ill. I kid you not. My friends and I were eating chicken wings and now I can't even look at such a thing anymore without being reminded of this piece of Sh!t.<br /><br />This film is one above Alien Vs. Hunter which is by far the second worst movie ever made. And I've seen lots of bad movies. Incidentally, it's the same production company as this film and that bald guy is in both as well. just thought you might like to know that little fun fact. -100 out 0f 10.",negative
"I love sci-fi and am willing to put up with a lot. Sci-fi movies/TV are usually underfunded, under-appreciated and misunderstood. I tried to like this, I really did, but it is to good TV sci-fi as Babylon 5 is to Star Trek (the original). Silly prosthetics, cheap cardboard sets, stilted dialogues, CG that doesn't match the background, and painfully one-dimensional characters cannot be overcome with a 'sci-fi' setting. (I'm sure there are those of you out there who think Babylon 5 is good sci-fi TV. It's not. It's clichéd and uninspiring.) While US viewers might like emotion and character development, sci-fi is a genre that does not take itself seriously (cf. Star Trek). It may treat important issues, yet not as a serious philosophy. It's really difficult to care about the characters here as they are not simply foolish, just missing a spark of life. Their actions and reactions are wooden and predictable, often painful to watch. The makers of Earth KNOW it's rubbish as they have to always say ""Gene Roddenberry's Earth..."" otherwise people would not continue watching. Roddenberry's ashes must be turning in their orbit as this dull, cheap, poorly edited (watching it without advert breaks really brings this home) trudging Trabant of a show lumbers into space. Spoiler. So, kill off a main character. And then bring him back as another actor. Jeeez! Dallas all over again.",negative
"The best martial arts movie ever made. This one movie is better than anything Bruce Lee ever did. A classic with a thoroughly entertaining and brutal climax. Jackie Chan is the king of martial arts movies and the true king of kung fu.It's a great pity that whilst Bruce Lee had been so overrated, it took Jackie Chan an eternity to become popular in Europe and America. Jackie rules!!!!",positive
"One of the best! As being a fan of the civil war, I was very pleased with the first installment of the North and South trilogy. Patrick Swayze gives and extraordinary performance, as well as James Reed and Leslie Ann Down. In watching this fabulous story unfold into a time never forgotten, the subjects of love, passion, grief, shame, harmony, and cruelty come to life. I was first introduced to this series when I was in the eighth grade. Being a young boy, you would think that I wouldn't have been interested in this civil war soap. To be honest, this story stole the hearts of every one in my class, and this is just the first book. I bought the novel and studied the likes and differences and it was awesome. I am 17 now and still enjoy the story, characters, subject, and remember the times of the civil war. As a movie director of the future, I will always enjoy North and South: Book One.",positive
"I like this movie because it is a fine work of cinema, made by people who care enough to make it art and not just home movies. It is filled with Super-surfer Greg Noll's home movies, and a boatload of amateur video from others who align themselves with his 50-year passion. Nevertheless, it has been expanded to the degree that it approaches aesthetic glory. It is filled with artistic talent, and athletic talent, however trivial you might think surfing to be athletic. Surfers are not astronauts nor test-pilots. Nor are they surgeons(perhaps) or Ph.d's(again, perhaps). It believes in the quest of the surfer. It believes in the beauty of human goofiness. It believes in the great gift of peace, which comes from the cessation of war. Surfers celebrate the cessation of war on the north beach of an Hawaiian island attacked by Japanese zeroes fifteen years before. It celebrates the down-time of a country which fought a cold war-instead of a hot-war - with the Russian socialists. Surfing is the ultimate narcissism. It is dangerous, but only slightly historical. I suspect Alexander the Great would not be celebrated for his surfing technique. He had to go out and conquer a few dozen countries to get the favorable press he has received. This movie has no military heroes. It has no guns. The only beach-head surfers conquer has a beer-stand and and a surfboard shop. This is not a problem. Peace is not desperate. It is the joy of exhalation.",positive
"Wow! That James Purefoy looks exactly like Thomas Jane!<br /><br />That's the most profound thought I took with me after having seen the rather underwhelming George And The Dragon. For a fantasy comedy, the story was very dull and the effects unspectacular.<br /><br />The problem wasn't the acting. James Purefoy makes a good knight, and his various side-kicks are not bad characters. I even thought Patrick Swayze in this role was a pretty good idea, too. Flat-chested Piper Perabo also had some nice potential. I even liked the kid.<br /><br />But the story and everything that happens, and the *way* it happens, was just ""eh"". Not interesting. Compared to another recent fantasy comedy, Ella Enchanted, which was actually funny, this movie comes up terribly short. I'm sorry for the decent actors who were in this yawn-inducing trudgery.<br /><br />4 out of 10.",negative
"Whenever I see a video like this, I have to ask myself how it was financed. HBO or Showtime or whatever must pay for the production company to go through the motions -- to hire someone who may or may not actually speak English to get high and hammer out something approaching a plot, to pay strippers with terrifying boob jobs to bounce up and down on grossly waxed dudes' torsos, to find people to design and light sets, to purchase the rights to cheesy techno music, etc. But I have to imagine this has to be a vanity project for whoever's serving as executive producer... He had to have nailed all of those girls, right? And bro's not wrong about the ""Spanish looking"" girl, but to call the cops ""stunning"" is awfully generous. In fact, I'd go so far as to call them something much closer to ""hideous,"" or ""fugly."" Watching these women writhe around -- sometimes *clearly* high on pain killers -- was so far from erotic that my testicles actually ascended inside of my body. Gross.<br /><br />Why waste time with this when there's so much freely available hardcore porn on the internet? I wonder whether the popularization of internet video will slowly kill the softcore video industry... One can only hope, right?",negative
"This is an incredible piece of drama and powerful which hits you. I found the film was great and getting to grips with the two main characters disability, this was represented in a great performance by both two Michael and Rory. Whether the story is based around a true story I feel the story was trying to giving the audience a message that as a whole the general public should respect and feel for the needs of disabled people and that they should be given the same chance as any other human. On the whole this film reach into my soul and I too felt touched by the actors and the director sending out there creativity. The whole picture is that some actors take it beyond their character the play and only show part of the character that is believable to the audience, but I feel that theses two certainly made great use as their gifted talent to portray a masterpiece piece of drama. Certainly one not to be missed!",positive
"Put quite simply, this film is terrifying.<br /><br />It starts off simply, looking like a study of a rebellious young girl and goes on to become a beautifully crafted horror film.<br /><br />Don't expect gore, or zombies. This is psychological, and just as he would also do in Candyman, Bernard Rose manages to convey the horror that is not being believed.<br /><br />Each time you watch this film, you realise more about what's happening, and about how the two worlds in this film interconnect.<br /><br />Drawings have never been scarier.",positive
"What is contained on this disk is a first rate show by a first rate band. This disc is NOT for the faint of heart...the music is incredibly intense, and VERY cool. What you will learn when you watch this movie is just why the Who was so huge for so long. It is true that their records were great, but their shows were the top of the heap. In 1969 when this concert was shot, the screaming teenie boppers that threw jelly beans at the Beatles were gone and bands (and audiences) had settled down to long and often amazing displays of musical virtuosity--something that few audiences have the intellectual curiosity to pursue in the age of canned music by Britney and Christina. What you especially learn here are the amazing things that can happen when gifted musicians are encouraged to improvise. Try the concert out, it really is amazing.",positive
"This review owes its existence entirely to a review. We take a weekly TV magazine to see what is coming up, and duly decide what we will watch. Obligingly, there are brief reviews of most of the films scheduled to be shown on the five major terrestrial channels. In addition to the prose, each film is allocated a 1-5 star rating. 5 means Don't Miss (superior to 4 for Excellent!), down to 1 standing for Poor. We have learned from vast experience that, with few exceptions, stars are awarded for gross taste, foul language, offensive content, promiscuity, horror, blood & guts, and especially killing off the hero/heroine just when everyone was about to live happily ever after. (If that isn't done, the movie is denigrated as being 'predictable' - the worst insult imaginable!)<br /><br />Brave New Girl was given only 1 star, thereby suggesting it was a candidate worthy of our time and attention. This was confirmed by the reviewer's description of the movie as being a ""truly awful tale"", and, ""Stupid, just stupid"". We watched it, and my wife and I were glad we did so. The TV magazine reviewer further stated that the movie was ""not a reworking of War and Peace"", with which we have to agree. Reading through the IMDb reviews for this title a day or two later, the urge to pick up my pen (so to speak) to add my halfpennyworth (pronounced harf'pen'uth (emphasis on the first syllable) for the uninitiated) became overwhelming.<br /><br />Why did we take to this movie? Well, it's just a matter of taste. We like attractive characters, believable relationships between them, interesting situations, courtesy and respect, good triumphing over evil, and so on. We liked the integrity and personalities of Holly (Lindsey Haun), her Mum (Virginia Madsen), Ditz (Barbara Mamabolo), Grant (Nick Roth), Zoe (Joanne Boland) and the two male professors involved in the story. So what if the storyline includes a 'wicked witch of the west' in the form of Angela (Barbara Mamabolo), provided that she plays the part with some conviction. We appreciated the friendship depicted between the two room-mates, with one having a financially challenged upbringing by a loving single Mum, and the other having every material advantage but receiving little parental time and affection. Is it any wonder that Ditz felt the way she did about Holly's Mum? Is it surprising that Grant should take an immediate interest in Holly, considering the manner of their initial meeting, Holly's dazzling smiles and her lively self-possession? I think these issues and the events are believable enough, but it is necessary to pretend that the scholarship and other circumstances are realistic in order for the tale to have a setting.<br /><br />My wife and I are greatly blessed by not having any significant musical education. This enables us to enjoy the sounds produced by instruments and voices without having our critical faculties intruding unduly on our listening, and thus spoiling the experience. We enjoyed both the classical pieces and the pop, which came over well on the TV, and we weren't struck by any lack of talent. Also, it mattered not that Holly's classical vocals were dubbed by someone else.<br /><br />We enjoyed the movie enough to look for a DVD. The average delivered price we have paid per disk for the movies in our collection currently stands at £4.9484 (rounded to four decimal places). Brave New Girl was available from a trusted supplier on the Amazon Marketplace for £1.3516 (rounded to four decimal places) above this figure. Such a purchase would increase the average. Why I should resent this is a mystery to me, but it is a testimony to our enjoyment of this film that we placed an order anyway. I have awarded this film 7 IMDb stars out of ten, having docked one for overenthusiastic reception of the performances by the audiences, one for Britney advertising and one for something else I can't remember right now. (In case it hasn't tumbled, this review is an anthem in celebration of the use of brackets!)",positive
"1 out of 10.<br /><br />This is the kind of movie that you cant believe you just wasted 2 hours of your life as you see the credits role. I honestly think I could make a better Vampire movie.... and I know nothing. The only thing that does not just suck (harder than a Vampire) is Jason Scott Lee.... his character is at least a little bit cool, has some mystery, and kicks a little butt.",negative
"Universal Studios version of ""Flipper"" (1996) is a great heartwarming film for the entire family with good values and sentimentality. It is the story of Sandy Ricks, a teenager from Chicago who reluctantly spends his vacation with his Uncle Porter Ricks in the Bahamas. This ultimately changes the teenagers life and he grows up in the process. He learns to appreciate nature and to have a respect for the environment. I grew up in the 1960's and the NBC television show ""Flipper"" was my favorite childhood show. Elijah Wood is perfectly cast as a 1990's Sandy Ricks and gives an excellent performance. As much as I liked the NBC television show and MGM theatrical feature films with Luke Halpin as Sandy in the 1960's I liked this feature the best! I feel Elijah Wood is the best Sandy Ricks. With respect to Luke Halpin I feel Elijah Wood has more of a range of acting talent and emotes more as an actor which makes his performance excellent and more believable. I think Elijah Wood is the best young actor working today in films. Director Alan Shapiro also wrote the screenplay and has done an excellent job as both writer and director of this film. Paul Hogan gives a comical and likable performance as Sandy's Uncle Porter Ricks. Mr. Hogan's performance perfectly offsets Elijah's role as Sandy. I am a big fan of underwater films. This film was beautifully shot in the Bahamas like ""Thunderball"" (1965 UA) was. The director of photography was Bill Butler A.S.C. who lensed the film ""Jaws"" in 1975. Mr. Butler is a very talented cinematographer. The underwater director of photography was Pete Romano. He did a superb job with the underwater cinematography. I enjoyed the film score by Joel McNeely. This good film score featured Crosby, Stills and Nash among other talented artists. This motion picture was shot in Panavision like ""Thunderball"" in the aspect ratio of 2.35:1 If possible try to see this film in a scope version as originally framed and visioned by Alan Shapiro and Bill Butler. Another very nice thing is that Mr. Shapiro gave the ""original"" Sandy Ricks (Luke Halpin) a small part in this remake. He portrayed Bounty Fisherman #3 in this film. This was a very kind gesture on Mr. Shapiro's part! As you can tell I am a real true fan of this film. Sadly this beautiful film was met with harsh words by the majority of movie critics. I originally saw this movie on my birthday, May 31st of 1996 in a movie theater. It meant a lot to me. I have it on numerous video versions. The VHS versions are in ""pan and scan"". The laserdisc version is ""letterboxed"" 2.35:1! I even have a VCD in 2.35:1 from Hong Kong which is ""letterboxed"". But my most prized possession is an ""original"" 16mm theatrical feature print which I will treasure for the rest of my life! Thank you Mr. Shapiro, Elijah Wood, Paul Hogan and everyone involved for making this a memorable movie for me to enjoy!<br /><br />P.S. I must add that the quality of the Universal DVD is superb! It is the best DVD as far as quality I have ever seen. The color and resolution is spectacular. The soundtrack is great. I think Universal must have used the same transfer for the DVD that they did for the laserdisc version. The 35mm scope print is ""mint"" and Alan's film really has a wonderful look to it. A great tribute to a wonderful film! The DVD's resolution is even superior to the laserdisc quality! It's just spectacular! Thank you Universal Home Video for the great quality control and transfer. Many thank's for doing a superb job on this wonderful family film. Also many thank's to you Alan for all your extreme kindness to me!!! It's a real honor to know you!!! (Review Revised/Updated June 27, 2005)",positive
"1st watched 2/2/2003 - 4 out of 10(Dir-Jim Kammerud & Brian Smith): Drab and un-spectacular supposed sequel to the original classic animated `101 Dalmatians.' Yes, the movie continues where it ended in the first one, but the problem is that it plays out much like the original. One of the great things about the original was the pacing of the story, which this one doesn't have. The animation is also very un-spectacular for Disney and all we get is the same characters going thru the same kind of story all over again. When is Disney going to stop boring us with sequels and re-do's etc.. etc. Probably when we stop renting or buying this mediocre fare that they have put out.",negative
"It's a strange feeling to sit alone in a theater occupied by parents and their rollicking kids. I felt like instead of a movie ticket, I should have been given a NAMBLA membership.<br /><br />Based upon Thomas Rockwell's respected Book, How To Eat Fried Worms starts like any children's story: moving to a new town. The new kid, fifth grader Billy Forrester was once popular, but has to start anew. Making friends is never easy, especially when the only prospect is Poindexter Adam. Or Erica, who at 4 1/2 feet, is a giant.<br /><br />Further complicating things is Joe the bully. His freckled face and sleeveless shirts are daunting. He antagonizes kids with the Death Ring: a Crackerjack ring that is rumored to kill you if you're punched with it. But not immediately. No, the death ring unleashes a poison that kills you in the eight grade.<br /><br />Joe and his axis of evil welcome Billy by smuggling a handful of slimy worms into his thermos. Once discovered, Billy plays it cool, swearing that he eats worms all the time. Then he throws them at Joe's face. Ewww! To win them over, Billy reluctantly bets that he can eat 10 worms. Fried, boiled, marinated in hot sauce, squashed and spread on a peanut butter sandwich. Each meal is dubbed an exotic name like the ""Radioactive Slime Delight,"" in which the kids finally live out their dream of microwaving a living organism.<br /><br />If you've ever met me, you'll know that I have an uncontrollably hearty laugh. I felt like a creep erupting at a toddler whining that his ""dilly dick"" hurts. But Fried Worms is wonderfully disgusting. Like a G-rated Farrelly brothers film, it is both vomitous and delightful.<br /><br />Writer/director Bob Dolman is also a savvy storyteller. To raise the stakes the worms must be consumed by 7 pm. In addition Billy holds a dark secret: he has an ultra-sensitive stomach.<br /><br />Dolman also has a keen sense of perspective. With such accuracy, he draws on children's insecurities and tendency to exaggerate mundane dilemmas.<br /><br />If you were to hyperbolize this movie the way kids do their quandaries, you will see that it is essentially about war. Freedom-fighter and freedom-hater use pubescent boys as pawns in proxy wars, only to learn a valuable lesson in unity. International leaders can learn a thing or two about global peacekeeping from Fried Worms.<br /><br />At the end of the film, I was comforted when two chaperoning mothers behind me, looked at each other with befuddlement and agreed, ""That was a great movie."" Great, now I won't have to register myself in any lawful databases.",positive
"Noel Coward,a witty and urbane man,was friends with Louis Mountbatten.Mr Coward,a long-time admirer of all things naval,was commissioned to write a story loosely based on the loss of Mountbatten's ship.In a peculiarly British way it was considered that a film about the Royal Navy losing an encounter at sea would be good propaganda.It was also considered a good idea to have Mr Coward play the part of the ship's captain.Amang the many qualities needed to command a fighting ship,the ability to speak in a very clipped voice and sing sophisticated ""point"" songs does not come very high up the list at Admiralty House,or at least one would hope not.A captain must earn and retain the respect of the wardroom and the lower deck alike. Mr Coward might have had the respect of the gentlemen of the chorus at Drury Lane and Binkie Beaumont might have been terrified of him but his ability to tame,mould and direct a ship's crew in wartime must be brought into question.He folds himself languorously around the bridge,patronising the other ranks and barking orders at the officers,he only needed a silk dressing gown and a cigarette holder to seem right at home. Much is made of the ""warship as a microcosm of British Society""theme,and the crew largely comprises of the usual cheery cockneys,canny northerners etc.without whom no war can be fought.They spend most of their time on board smoking,moaning about Lord Haw Haw and getting blown up. Never mind,there's plenty more where they came from.Once ashore they go straight to the pub where they spend most of their time smoking,moaning about Lord Haw Haw and getting blown up .By contrast Mr Coward lives in a dream cottage with a rose covered door somewhere very quiet with very little chance of getting blown up.He,his lady wife and their two rosy cheeked cherubs converse in ludicrously convoluted tones and said lady wife spends much of her time knitting things for the poor unfortunates who comprise his crew and who she refers to by their surnames.That nice young master Johnny Mills has a prominent role as a completely unbelievable lower deck type who worships Mr Coward in much the same way as a thrashed dog will worship its master.He marries his girlfriend after kissing her on the cheek,presumably on the grounds that she might be pregnant after such unfettered passion. So yes,we do have a microcosm of British society here,but perhaps not in the way the makers of ""In which we serve"" intended. At the end Mr Coward gets one last chance to patronise his men as the few survivors shuffle past him,""Goodbye Edwards,it was a privilege to sail with you""he enunciates as if he was reciting ""How now brown cow"". It may have been David Lean's feature debut,but the hand of Noel Coward looms large right across this picture.He was a funny and clever man,better suited to writing waspish plays about poor little rich girls and boys interspersed with the occasional wry song.He had a talent to amuse,no doubt,but he could neither write nor speak convincing dialogue. Being Noel Coward was a full-time job,he had no time to be a real person.",negative
"This film may have been the biggest let-down I've experienced in renting movies based on IMDb reviews. Overall, I simply found this to be a second-rate movie.<br /><br />Leslie Cheung is certainly passable as the antihero and Ma Wu handles his character with cheerful competence. On the other hand, Ma Wu's makeup (facial hair) is so obviously phony that I simply could not take him seriously. He looked like an overweight teenager dressed up for Halloween, complete with the $4.95 stick-on beard.<br /><br />The special effects were so-so, though the ""undead"" in the cellar were pretty good. The tree-tongue looked like something from a bad 1950s monster flick, though the POV shots from the tongue's view more closely resembled Sam Raimi's trademark shots in the more recent ""Evil Dead"" trilogy. The pyrotechnics were ho-hum and the final battle is about as dull as you can get. (In fact, it most closely reminded me of the ""Lost in Space"" episode where the Robinsons are caught in a sandstorm and....) <br /><br />The plot was not particularly original and has been told countless times in the form of European fairy tales. There was no suspense and no plot twists. In fact, you know right away as you are introduced to the characters who is good, who is bad, and who is going to survive.<br /><br />I just returned this film to Netflix and then I sat down to write this review. The very first thing I did was check the production date. Yep, it says 1987...not the 1967 that I thought it might be. And that pretty much sums it up: The production values and FX are typical of the 1960s. The plot and action seem much older, as Hollywood was actually producing some interesting and challenging films in the 60s.<br /><br />** out of *****",negative
"I love watching early colour films - you mean those 40s clothes weren't all grey? <br /><br />Margaret Rutherford dominates this movie. Her ""eccentric"" garb is actually rather attractive and yes, she has an amazing hourglass figure. But I feel she was given her head rather too much. She probably developed this characterisation over many performances, and nobody told her ""If it gets a laugh, leave it out."" She does too much deranged fooling about when she's supposed to be surprisingly down to earth. The Madame Arcati joke is that mediums were usually portrayed as wispy females in long drapery. Arcati behaves like a retired headmistress (We'll really put our backs into it!). The contrast between her breezy, commonplace manner and her wacky beliefs isn't really brought out.<br /><br />Just because all the actors are English (apart from Cummings), the Americans feel they have to use the words ""Brit"", ""stiff"", ""lip"" and ""upper"". Oh, give it a rest! The three main characters lose their tempers constantly and make risqué remarks (Did he make love to you? Yes, but very discreetly - he was in the cavalry!).",negative
This movie I watched back in 1981 when it came out. Although I missed the first part of the movie what I did see was great. this movie is hard to find but if found you must see. The acting is great. very believable sad movie. If I ever find me a copy I definitely will buy me a copy to treasure.,positive
"Why such a generic title? Santa Claus??? So bland and unpredictable. Movies before that tried to cash in on the holiday spirit, most notably 'Santa Claus Conquers the Martians', at least was entertaining to watch because of the campiness to it, and all the stock footage being used... for some reason, that seemed happy to me. But this movie just screws Christmas in the butt, and screws the joy of all the kids. Santa lives in space? His enemy is a devil named Pitch? Santa gets help from Merlin the Magician? How random is this!? Well, since it was made in Mexico then some of you might understand the way of how the film was made. I had to admit some of the effects were just wacky for the time. It was a all-out cluster of madness! Though, despite all the troubles with the movie, it still feels like a Christmas movie. Good conquers evil, and Christmas still plays a part of our hearts of every good girl or boy in the world, or possibly universe, thanks to Santa Claus Conquers the Martians.. apparently. So, I think you should give it a try, even if it is one of the worst holiday movies of all time... though it should put a smile on your face any day.",negative
"LE GRAND VOYAGE is a gentle miracle of a film, a work made more profound because of its understated script by writer/director Ismaël Ferroukhi who allows the natural scenery of this 'road trip' story and the sophisticated acting of the stars Nicolas Cazalé and Mohamed Majd to carry the emotional impact of the film. Ferroukhi's vision is very capably enhanced by the cinematography of Katell Djian (a sensitive mixture of travelogue vistas of horizons and tightly photographed duets between characters) and the musical score by Fowzi Guerdjou who manages to maintain some beautiful themes throughout the film while paying homage to the many local musical variations from the numerous countries the film surveys. <br /><br />Reda (Nicolas Cazalé) lives with his Muslim family in Southern France, a young student with a Western girlfriend who does not seem to be following the religious direction of his heritage. His elderly father (Mohamed Majd) has decided his time has come to make his Hadj to Mecca, and being unable to drive, requests the reluctant Reda to forsake his personal needs to drive him to his ultimate religious obligation. The two set out in a fragile automobile to travel through France, into Italy, and on through Bulgaria, Croatia, Slovenia, and Turkey to Saudi Arabia. Along the trip Reda pleads with his father to visit some of the interesting sights, but his father remains focused on the purpose of the journey and Reda is irritably left to struggle with his father's demands. On their pilgrimage they encounter an old woman (Ghina Ognianova) who attaches herself to the two men and must eventually be deserted by Reda, a Turkish man Mustapha (Jacky Nercessian) who promises to guide the father/son duo but instead brings about a schism by getting Reda drunk in a bar and disappearing, and countless border patrol guards and custom agents who delay their progress for various reasons. Tensions between father and son mount: Reda cannot understand the importance of this pilgrimage so fraught with trials and mishaps, and the father cannot comprehend Reda's insensitivity to the father's religious beliefs and needs. At last they reach Mecca where they are surrounded by hoards of pilgrims from all around the world and the sensation of trip's significance is overwhelming to Reda. The manner in which the story comes to a close is touching and rich with meaning. It has taken a religious pilgrimage to restore the gap between youth and old age, between son and father, and between defiance and acceptance of religious values. <br /><br />The visual impact of this film is extraordinary - all the more so because it feels as though the camera just 'happens' to catch the beauty of the many stopping points along the way without the need to enhance them with special effects. Nicolas Cazalé is a superb actor (be sure to see his most recent and currently showing film 'The Grocer's Son') and it is his carefully nuanced role that brings the magic to this film. Another fine film from The Film Movement, this is a tender story brilliantly told. Highly recommended. <br /><br />Grady Harp",positive
"A fine line up of actors and a seemingly nice plot -- though not original -- promised me a nice evening in front of the TV. I was disappointed. The actors delivered up to standard (Juliette Lewis cuddly as ever; William Hurt solid but in the background; Shelley Duvall convincing as ever) but the story was too thin to keep me engaged to the story and, the twist to the finale was too obvious and too late; there was only one character who was nice to he girl, so guess what?! Then the final after-twist I do not know what to think of that. The boyfriend and the neighbor? Contract with the Devil, or just to get her to move in? What! The film had a nice idea behind it, but the idea was not worked out in detail. It could have been good, but it was not. Too many loose ends to tie up, Columbo would say.",negative
"I knew that 'Evening' was a girlie film, so I was expecting to be bored. A wicked tease on IMDb had said that it was a 'chick flick' but that your companion would survive.<br /><br />Survive? Yes. I am still here, but when the two of us came out we were amazed to find that it had only lasted two hours - it seemed a much longer evening than that! I suppose that, for Yanks, it is supposed to be elevating or fascinating because it is about rich people living on the beach - well, next to the beach, in a house with a wide verandah and a lawn but no apparent lawnmower. If that sort of thing impresses you it might seem quite a short film.<br /><br />There's a Monty Python film about a Knight who just won't die. He ends up a wriggling (why do Yanks add an third syllable to this word I wonder) torso in the road still shouting threats at his nemesis. This film is also about a sort of living dead. Vanessa Redgrave (inappropriate name for the grave dodger shown here) goes on and on dying whilst having inappropriate guilt. She's not worried about having been a wide-eyed, breathless bimbo, but imagines herself a murderess.<br /><br />Obviously, being a girlie film, there's a chap who is supposed to be the Mr Darcy/Heathcliff character. I'm not a woofter, so I can't claim to be a good judge of such things, but the tedious wimp who is wheeled out for this role seems only to have the title of servant in his favour. He's a bloodless cypher.<br /><br />As you might gather, the main characters aren't much cop, but the minor ones manage, amazingly to be much worse. There's a fellow whose only job is to react to the news that his girlfriend is preggers. Fair enough, but it isn't the role of Hamlet - why ham it up so badly? Forgetting that it was a girlie film, I thought he was going to be thrown out because any decent girl-friend would have told him that face-fungus didn't flatter him, but then I realised that she must have encouraged him to grow a 'beard' because he looked worse without it.<br /><br />I kept awake by noticing which actors and actresses had their earlobes attached or free and noting interesting bits of scenery - if you're dragged along to it, see if you can spot the stuffed buffalo head, just the sort of thing you'd expect in a beach cottage.<br /><br />Apart from the obligatory wedding, there is only one piece of action. You'd have thought that they'd have got it right. Sadly, though, the hit and run accident is carried out by a car that couldn't be there. When the accident is discovered the cast wander about shouting for a character that they can't know is nearby (but we do as the audience). If they don't have any clue that the person is within a couple of miles of the place, then why do they wander about aimlessly shouting for him? I suppose that the director's excuse is that it is supposed to be a half-remembered dream sequence...<br /><br />Another scenery item that caught my attention was a copper bottomed saucepan. I didn't think that the technology to do this was developed until the fifties.",negative
"Why should you watch this? There are certainly no reasons why you shouldn't watch it! Superbly and amusingly directed by Albert and David Maysles, Grey Gardens was originally intended to be a film on the gentrification of East Hampton, but it turned out to the brothers that it would be more interesting to produce a study on the eccentric life of the two Edith Bouvier Beales, the aunt and cousin of Jacqueline Kennedy Onassis. Their life was certainly an amusing one (Edith spent most of her day in bed singing operas, Edie performing pirouettes and majorette dances with their many cats, one was named Ted Z. Kennedy) The film is interesting because it is both funny and sad - Edith died shortly after the film was released (in February 1977) aged 82 after experiencing some of the fame that she and Edie received after the film (she danced and sang in a nightclub Edie Beale Jr was born in 1925 and is still living in Miami Beach.This film is both engaging and spellbounding.",positive
"Originally I rented this film for my daughter since she is keen on soccer - and I was not disappointed that way (except the plot interfered with the soccer scenes). As a dad I suppose I was a little surprised at the introduction of the topic of lesbianism - but I have to admit that as a parent these issues are completely available to children nowadays (as uncomfortable as I feel with the topic). In a way this emotion was a segue right into the main premise of the film - that at some age you must trust your children to make their own choices. This dilemma is introduced by a young British-born teen girl - Jasminder (Jess) - of east-Indian heritage who dreams of playing professional soccer. The pending marriage of her older sister in a traditional Hindu marriage provides many rich opportunities for her to explore (in a nice way) her hopes and fears for her future. <br /><br />The multi-cultural challenge was a very interesting technique to explore Jess's frustration with her parents expectations for her - again no different in substance than most child-parent relationships. <br /><br />In SUMMARY, the soccer scenes are GREAT (lots to learn in slowmo) and while I didn't need the storyline - something was needed to keep the movie going.",positive
"I borrowed this on DVD from a friend the other day. I didn't really know what to expect. I haven't seen a lot of Russian movies, and i don't think i've ever seen a Russian war movie. Maybe that made me expect something different, something more along the line of an imagined Russian mentality. But whatever those expectations came from, they were put to shame as this is a quite ordinary war movie.<br /><br />The whole formula of following a few young people from their recruitment, through training, to deployment and through some battles, is well known. We have seen it done both many years ago, as well as more recently (as with Jarhead). Sure, there's a difference here because the movie is about Russian soldiers instead of Americans as is almost always the case. But in general this could just as easily have been a Vietnam-movie. I guess that just underscores my feeling that Afghanistan was the Soviet unions Vietnam. A country that should have been a pushover for a superpower made the war drag on for years with terrible loss of life both for soldiers and civilians.<br /><br />The good points in this movie i felt were good photography (there are some beautiful ambiance shots) and decent effects for what i guess must have been a rather low budget movie. What made me disappointed is mostly the story itself. It just doesn't manage to stir any emotion in me. Mostly because the character development is lousy. And to really feel something when people are gunned down you have to make them people, not just faceless cardboard cutouts. They fail to do that in this movie. Also it's overly long, and that seems to a kind of trend lately. In my opinion a movie that's more than two hours long has to have a lot to offer, and this movie doesn't cut it. Also there is a disturbing music that's put like a wet blanket over every scene. Especially in the action scenes this is highly disturbing, not that you need action-music but something more than just slow keyboard-music would be nice. Otherwise the production values were good enough, that was not where the problem was.<br /><br />I don't know how to view this movie. As a reminder of the fact that no matter where you are, war sucks? That Russian film-makers have already watched too many American war-movies to make something original? Regardless of which, this movie is rather clichéd, lacks in spirit and while it has acceptable technical qualities, it lacks in script and character development. In the end it just becomes another of all those war-movies that fails to make you think, and fails to add something to the genre. I've seen a lot worse, but a lot better too. I rate this 4/10.",negative
"The year 1950 saw two very different and interesting westerns: 'The Gunfighter' by Henry King, and 'Wagon Master' by John Ford. 'The Gunfighter' was historically notable as it clearly influenced Zimmerman's 'High Noon' (1951) and later revisionist westerns.<br /><br />However, I personally find 'Wagon Master' superior to it's contemporary counterpart. Ford's minor masterpiece isn't much about storytelling; it should be conceived more as a poem describing conceptions of old west. Although optimistic and warm at heart, we are deserved from naivety because it's completely free from pretentious underscoring. Frontier scenery is well used as it supports the poetic narrative perfectly. Add naturalistic camera work and we are transported among the mormon travellers to witness western folklore told in cinematic means.",positive
"I love old Burt Reynolds movies. They're funnier and better than every other movie combined. They might as well have stopped making movies after ""Cannonball Run 2"", but I guess how could they have known that there weren't going to be any more good ones? Man this movie's good. Burt Reynolds has to dress up like a chicken and drive around in a racecar a lot, and the luxuriant Loni Anderson is on hand, looking extremely hot in an eightiesly way. Burt and Loni, those were the days! I used to have this magazine that had Loni Anderson in it advertising for a vaccuum cleaner. I sure loved that advertisement! Plus there's this one part in the movie where the audience at the racetrack is upset at something Stroker Ace (Burty R.) is doing, and it shows one guy in the audience bending over and sticking his finger up his butt to display his disappointment! I laughed so hard I almost passed away into the night! If you can find this movie, rent it! And then never watch another movie again, because I tell you right now: there's no point.",positive
"If I ever write movies or make them, i would want one of them to be like this one. I enjoy the goof-ball sense of humor and jokes contained within. This movie does stupid things without looking like it. The names of the places and characters are priceless, Generic New York High School, Squid Calimari (George's sister), etc...genius. I've seen this movie so many times because it was a cable tv staple while I was growing up, of course I didn't get all of the jokes back than but it was still funny.This movie is a time-less classic.",positive
"I admit I have been a fan of Harrison Ford for many, many years now so it didn't surprise me that I enjoyed his performance here. But I also enjoyed the way the storyline developed and thought the casting was well done. I don't know whether I ""buy into"" Kristin Scott Thomas as a Congresswoman but she is a fine actress and a beautiful woman. I took notice of her in the first Mission Impossible. Although her part was small she stuck out on the screen.<br /><br />Here her and Ford play people whose spouses are killed in an airplane crash. They are seated together and this is where the plot takes off. Apparently Ford, a police detective in Wash D.C., discovers that his wife was having an affair. He further discovers that the affair was with the husband of a New England Congresswoman.<br /><br />The story takes on many subplots as Ford and Thomas find themselves drawn together by revelations of their marriages, the uncovering of deceipt, and the pure grief and anger over the loss of a loved one.<br /><br />I think the movie is worthwhile either renting or catching on cable.",positive
"Last of the Johnny Weissmuller Tarzan films and a good thing too, as this is easily the worst of the 12 films he made over a period of 16 years. No mermaids are featured here either as a beautiful island woman tries to escape the clutches of her people, who worship a god and try to force her to be its bride. She finds Tarzan and Jane, who try to protect her. George Zucco is present as a potentially villainous High Priest but isn't used to his full advantage. Also on hand and worthy of mention is a hugely annoying guitar player/singer who goes into song every so often. Even the ""great"" Robert Florey can't aid this one.<br /><br />*1/2 (of four)",negative
"i went to watch this film with my family who were expecting a neatly conclusive story like ''mr.& mrs.iyer''.and they returned home thoroughly disappointed.so,this is a warning to all ''conclusive story lovers'' to stay away.15 park avenue does not seek to answer questions or provide moral solutions on how to treat the mentally challenged.rather its intention is loud and clear.it questions every human being's,sane or not,sense of reality.in fact for me it even arouses doubts about my taken-for-granted sense of sanity.the security,bondage,satisfaction that i find in my present,is it really what i am or does it really create an illusion that all of us desperately and sometimes ignorantly cling on to just to falsely console the neglected 'meethi' which exists in all of us in some way or the other? so,why does anjali so maniacally makes it a point to show off her strength of mind when she is really harrowed by the realization that she is becoming a monster?aren't we all who think we are ''normal'' ,really monstrous and helplessly vulnerable about it deep down inside? is it not better to be happy even insanely,than to create the impression of 'normalcy' while suppressing one's fragility? meethi bravely,madly,sincerely does that.and society labels her as ''schizophrenic''.the ending did confound me at first,but then you realise that meethi bravery and sincere belief took her where she wanted to go.she found what she was searching for,not caring what society had to comment upon her search. and it is the seemingly 'real' people - anjali,the psychiatrist,and jojo- who never reach anywhere.my family thinks that i am schizophrenic too in trying to make sense of a film that is largely 'insane' to the rest of the world.anyone else willing to believe in my sense of reality...........?",positive
"This is a really strange film--and that is NOT a bad thing. It is a combination of a neo-realistic film about the homeless AND a fairy tale. I'm sure that some may find this movie a bit too strange, but I loved it. Once again, this director brings together a wonderful cast of everyday people (not actors) and gets a great ensemble-type performance. Although not nearly as sad as Umberto D, both movies have a very similar point to make--this one just does it in a very absurdist way. Ignore the cheesy special effects--after all, it was made in the early 1950s and special effects aren't terribly important anyway (or at least they shouldn't be in films). Instead, just sit back and enjoy the very strange and silly ride. Unless you are a total curmudgeon, you'll have a ball.<br /><br />By the way, since I first reviewed this film, I have seen another DeSica directed film that is an absolute must-see and that is THE CHILDREN ARE WATCHING US. While not a fantasy or light in spirit like MIRACLE IN MILAN, a great film nevertheless.",positive
"One Night at McCool's is one of those films that starts with an awful amount of promise but as the film goes on it becomes silly and loses it's way big time. Liv Tyler plays a manipulative woman who tries to get her own way by flaunting her body to every man she meets ,all of which fall under her spell.There are a few funny moments in this but they get fewer and fewer as the film deteriorates into a comedy farce. Michael Douglas who plays the assassin is good as is Liv Tyler, although she does look like she had put on a bit of weight since armaggedon. This is ok but is only memorable for the scene in which Liv Tyler washes her car, you will know what i mean when you see it fella's! Shwing!!!!! 7 out of 10 (just).",positive
"I couldn't help but feel that this could have been a bigger movie than it was. The screenplay is highly intelligent and it just seemed that it could have been opened up in a way more reminiscent of Seven. Not by changing the story - I think mainly through the cinematography. The cinematography was the only thing that I found to be holding back the film. On the other hand, the pacing was absolutely on point. Whoever worked on the editing really did their job well. And I thought Bill Paxton did a great job of directing. Now away from the technical stuff...<br /><br />This movie threw me for a loop. SPOILER AHEAD!!!! All along, I really felt that Bill Paxton was crazy and then when Adam finally took the FBI agent to the Rose Garden to show him where the bodies were buried and revealed who he was, I got thrown for a loop. I had suspected the first part of the twist but what really threw me was when he touches the agent and sees the agent murder his mother and the fact that the agent too (without any words spoken, simply by touch) sees it again with Adam and asks him how he knew. My dilemma was not that it was yet another twist thrown in but the almost ungraspable idea that this man and his father were not crazy but actually picked out 'bad guys' so to speak, knowing their sins and crimes already. I don't endorse an eye for an eye so I didn't leave the film being able to believe that they were doing God's work. Instead I chose to believe that they were both clairvoyant and that the father had gone off the deep end one day from it and through the things that he subjected his sons to, disturbed them permanently also. That was my interpretation but the vexing thing about the film was it's like a house of cards and a never-ending circle and what is the correct interpretation of the disturbing events you've sat through. It's definitely one of those movies where I'd love to be able to meet the writer so I could just ask him what the real meaning was to it all. Were they crazy and psychotic? Were they simply telepathic and took license because of it? Or did they have some sort of appearance from God? And if so, was it God or the Devil disguising himself as God. My friends and I found ourselves talking about it all night trying to figure out what was what and what the filmmakers had thought was the answer when they made this movie.<br /><br />A definitely perplexing and thought invoking film with some very disturbing but certainly not sensationalistic elements to it. It's not a perfect film, but it definitely is it's own thing. Great directorial work and acting by Bill Paxton and the child that played Fenton was extremely good. I hope he doesn't end up relegated to the child actor syndrome as he seems to have a lot of promise. I gave this movie a good vote for the majority of the components that make a film, but I would have voted higher if wasn't for the feeling that something (although I can't pinpoint what) was off and if it hadn't have been, the movie would have gone to an even higher level. Still, a definite recommend, especially for those that are inquisitive.",positive
"^^contains spoilers^^<br /><br />This movie is utter crap. Do not watch.<br /><br />There is no one in this movie to root for, or even like, except for the wife, and she wins by default. Everyone is selfish, and many things happen that make no sense.<br /><br />The acting is mediocre at best and everyone breathes too heavily about everything. No one can even cry believably.<br /><br />If you leave the room for even a second, then something totally out of left field will happen, and it will make NO SENSE WHATSOEVER.<br /><br />For example, I left the room for a second, while Jennie Garth's character was sleeping with her manager. I come back, seriously about 4 minutes later, (also I'm pretty sure there was a commercial somewhere in there) and she's sleeping with that Berko guy. <br /><br />I gave up on this movie around the time that Berko was being an ass to his fiancé in the car, because she didn't want to call off the wedding.<br /><br />I wasted 2 hours of my life. You shouldn't.",negative
"Bunny Comes Home 'This Man's Navy' deserves more credit than it gets, a clever script by Borden Chase, directed by 'Wild Bill' Wellman, the film has just the right feel for early post WW11 euphoria and goodwill, and none of the blind terror that came into play few years later. Produced in 1944, the Japanese defeated, the battle scenes a little déjà vu, Tom Drake's melancholy attraction for radiant young Jan Clayton has solid chemistry, plays real and validates Drake's career at Metro. The following year Jan opened on Broadway in 'Carousel.' Wally Beery, a little bleary-eyed, boasts to an always incredulous Jimmy Gleason his memories an improvement over reality, and give Beery a Ulysses-like shadow to play against. The Navy LTA (Lighter Than Air) shots are authentic, photographed at Tustin and Lakehurst, and the P-38 squadron is out of March AFB. Lot 3 doubled for India, and Bunny's U-turn Bunny Comes Home gives back to Beery an authentic slice of his past, something he had wanted to believe was true then, the future we spin into again is fantastical now on a grander scale, a newly designed Navy LTA with launch capabilities for a reconnaissance plane how expensive, blissfully optimistic still, ""You got to believe in it, that's the way you make things come true""",positive
"This is a masterful piece of film-making, with many themes simmering and occasionally boiling over in this warts and all study of the poet's bohemian, self-indulgent wartime years that span the aerial bombardments of London and the outward tranquillity of a Welsh coastal retreat - the borderlines between friendship, lust and love, dedication to art and experience versus practical concerns, jealousy, rivalry, cowardice and egotism versus heroism and self-sacrifice and more. A mature, subtle script that suggests and occasionally brings into dramatic focus the underlying tensions is well served by perfect performances (apart from the odd inappropriate smiling that Keira Knightley is prone to, though perhaps under direction this time as the other characters themselves often mention it). But above all the exquisite visual composition of each moment, with inventive and elegant use of close-up, camera angle and lighting, including pointillistic faux home movie footage, is a wonder and joy to behold. It's as continuously beautiful to look at as a Bertolucci, but the relationships here are more convincing and the narrative more engaging than some of that master's work. A very rare type of film these days - it holds the attention and stirs the emotions without abandoning artistic integrity and succumbing to manipulative, superficial shortcuts.",positive
"If you need a clue as to whether Playmaker is decent or not, look to its star, Colin Firth, who refers to it in an interview as ""absolute rubbish -- I sincerely hope no one ever sees it.""<br /><br />The script and plot are ludicrous, the female lead is unconvincing. The only thing worthwhile is Colin Firth, and he seems slightly embarrassed throughout.<br /><br />For diehard Firth fans only -- the shower scene alone is worth the $3.99 you might have to shell out, should you find it in a video cutout bin like I did.<br /><br />I'm happy for Mr. Firth that his days of taking projects like this one are over!",negative
"I haven't seen so many people packed outside a theater since Star Wars Episode III. Both shows sold out, and for good reason. The Man With the Screaming Brain was the best movie to see with a crowd full of geeks. (Hey, I'm a dork too.) <br /><br />Bruce Campbell was present and had the whole crowd in stitches! The movie was cheesy in the best possible way. It may be the funniest movie that Bruce has done. Ted Raimi steals the show with his Bulgarian hip hop-itude and zany facial expressions, he is a laugh riot! Who knew that Ted could rap? <br /><br />I changed my mind, the person who stole the show was actually a robot. There is nothing funnier than a robot...doing the robot.<br /><br />As for Bruce's performance: ""I take the 5th."" Thanks Bruce. Thanks for being cool, thanks for taking the time, thanks for all of the fun.",positive
"Disappointing, predictable film in which a woman (Mc Teer) travels with her daughter from state to state because she can't maintain relationships and find happiness. In this genre 'Anywhere but here' starring Susan Sarandon and Natalie Portman gave a much better insight into a mother/daughter relationship. With Better acting as well.",negative
"Another awful movie about hockey. I if never watched hockey and saw Hollywoods version, I would hate the game. This movie doesn't make Canada look that great either. I can laugh at it and not take it too seriously. All the same this movie is awful, with every thing you can put in a 80's movie. In the end don't even watch it on TV. 4/10",negative
"What starts out as a gentle country yarn, inoffensive and mildly enjoyable romantic tale changes pace as Edward Norton's initially charming Harlan gradually reveals more about himself and things take a turn for the sinister, as the film gradually changes from a southern romance to a modern wild western.<br /><br />An amiable rancher (Norton) wanders into town and charms a young girl (Evan Rachel Wood), seemingly rescuing her from a dead-end existence with her bad-tempered father with a whirlwind romance, but it gradually becomes apparent that there is more to this cowboy than meets the eye.<br /><br />Edward Norton  a real chameleon actor (with changing facial hair to match) playing a country hick, accent slightly dodgy but maybe because he's merely trying to act the part without worrying about the accent. He certainly makes it appear effortless to make all the nuanced little adjustments as we learn more about Harlan. However, with too many small changes it means we are never sure exactly where Harlan is coming from, and what seemed like a good performance from Norton gradually becomes confused. Evan Rachel Wood is likable without ever really having a great deal to do other than bat her eyelids at Norton.<br /><br />Down in the Valley strikes as a slightly uneven tale due to its change of pace, and by never really making the protagonist's motives clear the audience's sympathies for the characters remain uncertain. Should we like this drifter or not? Even after a dramatic turn of events it remains unclear. This ambiguity is to the film's detriment, as if the writer could not make up their mind what kind of story they wanted to tell and settled for somewhat of a hotch-potch. Had the film remained one or the other it might have been a solid film, but as it is what we are left with is something of a mess. Fans of old-fashioned romance will enjoy a portion of the film but will be put off by the darkening tone. Completist fans of Norton aside (or fans of the lush scenery of the San Fernando valley), give this a miss.",negative
"For starters, I would like to say that I'm a fan of the American Pie series. Even though 'the naked mile' and this one are the two worst, this one seems to be the downfall of the whole series.<br /><br />First of all, the best part of the film was that it was an American Pie film, which is always appreciated.<br /><br />However, there are tonnes of bad things to say about this film. First of all, the story has a very stale 'arc' structure. First, there is the introduction of the characters, then the pledging of the beta house and finally the Greek Olympiad. Each of which has exactly 25 minutes of length. Apart from the general staleness of the plot, there is little to no character development, which makes a double whammy of a bad plot.<br /><br />Apart from that, I deeply disliked the stereotyping in this film. That is, showing the jocks as the extremely cool, only-thinking-about-sex guys, and explicitly displaying the geeks as inferior. Also, it shows females only as sexual objects, and males as only wanting to treat the females as sexual objects.<br /><br />Apart from that, the acting was also poor. With perhaps the exception of Steve Talley.<br /><br />So, in the end, a generally horrid film, if seen from a critical point of view. If seen from a teen point of view, I guess that it's better, but this film is rated 18+ in most countries, so it shouldn't really be seen by minors.",negative
"When this movie first came out back in 1984, Prince was one of the hottest acts around. Everyone wanted to see this movie, which was not much more than a extended music video. The acting was pretty bad, but what can you expect from musicians acting on the big screen for the first time? Despite that, it was still a very entertaining film! Morris Day and Jerome Benton provide some all time classic comedy, especially their rendition of ""The Password"", which will make you think of Abbott & Costello doing their ""who's on first"" baseball routine.<br /><br />Appolina (who went by a single name then) provided some beautiful breasts, so you had the brief nudity covered. Plus, she is very attractive. And of course, the soundtrack of the album is one of the best Prince ever recorded. Prince later on had a fallout with Warner Bros. and changed his name, but at this particular time in his career, he was at the top of his game.<br /><br />This movie doesn't rank in the all time great category, but it is pretty entertaining.",positive
"When I finally got around to seeing this film recently, it turned out to be exactly what it looked like to me at first glance... yet another Hollywood CG/live-action rehash of an established cartoon franchise. Nothing special or memorable whatsoever. Designed in every way possible to appeal to very young children and very immature adults, making heavy use of comedic devices such as farts, poo-eating, and the size of Theodore's butt.<br /><br />This film would bother me a lot less if it weren't such an obvious step down for the Chipmunks. Even their characters I found were changed for the worse for this movie. While in the past each one of them had a very distinct personality, here they all behaved like immature, smart-alecky children with ADD, constantly bouncing erratically off the walls. It especially bothered me to see Simon portrayed in this way... He's supposed to be the smart, serious nerd who acts as the ""straight man"" to Alvin's crazy antics. But here he's pretty much a carbon copy of Alvin. One joke in the film even implies that Simon only *thinks* he's smart but really isn't... and honestly if I had never heard of the Chipmunks before seeing this film, I would have agreed.<br /><br />In my opinion, this film is just another obvious cash-grab, and I'm more than a little sorry it was even made. The fact that it's a ""kid's"" movie doesn't excuse its flaws... To excuse a stupid movie that degrades a classic franchise just because it's for children is insulting to children, and any kid would deserve something more intelligent than this film.",negative
"The film starts to slowly when we got to the cinema we thought it looked quite good but after about 5 mins we were all bored out of our minds and wondering what kind of film we had come to see, i don't like this film and wouldn't recommend it to anyone, the best part of the night was when the alarm and lights came back on because the project broke down because we thought we could all go home. this has to be one of the worst films i have ever seen we were all bored out of or minds and most of the people in the cinema actually RAN out of the doors at the end because it was so rubbish. i am surprised that no one walked out earlier than that. if you go and see it make sure you something to keep you busy, better still Don't go and see it at all.",negative
"There's perhaps a special reason why The Fox and the Child hit a special note in my heart. Having just said goodbye to my new fiancée - of oh...one day - for an unknown period of time, I was a bit overwhelmed with varying emotions and was suffering the fallout from putting on the brave face she needed to see.<br /><br />I watched a few movies and TV shows, but my interest darted from what I was leaving behind to what is out there and what I haven't seen. For that, I have this movie to thank.<br /><br />Being a nature lover and having heard about the film beforehand, I was sure I was going to like it anyway. But I didn't just like it, I loved it.<br /><br />The technical mastery is astounding. How did they do it? How did they capture the animals in the way they did?? It's just wonderful.<br /><br />The moral of the tale is a good one and while the ending is oh so French and ambiguous, it's a happy/sad one. Again, it caught me a bit off-guard. As a man who usually keeps his emotions to himself, the ending was tough going while on a plane full of people I would be seeing for the next 15 or so hours! Perhaps it's because the ending made me think back to what I left.<br /><br />But for those few hours on the plane, I was happy to see something new and original. And that's life. Sure, there are those things you love and feel comfortable around...but the great outdoors holds many a mystery. So the next time I see something out of the ordinary while out in the open; I'm going to explore it, observe it and embrace it. That's precisely what happens in this movie and that's precisely what you should do with this darn good movie/nature doc too. 8/10 <br /><br />P.S. It's two months on from the plane journey. We still don't know when we'll see each other again, but we will.",positive
"Sometimes, Lady Luck smiles on me. I had originally made -- and copied over -- a VHS tape of this wonderful TV presentation. I was heartbroken when I realized what I had done since I had been unable to obtain a copy of it anywhere else.<br /><br />Recently, I subscribed to digital cable, and while searching through upcoming movies, there to my surprise was a scheduled broadcast of the movie. This time, however, I made a copy of it to DVD so there's no chance of repeating my mistake.<br /><br />I finally got to watch it again after eight years, and it was just as exciting and tense as when I first saw it. There is a little bit of prelude to this story in that my first contact with ""Pandora's Clock"" came with a live reading of the book on public radio. I just happened to tune in to the broadcasting station on my way home for lunch, and from the first installment, I was hooked. Each day, I waited with anticipation for the next chapter to be read.<br /><br />When I learned a few months later that the book was going to be broadcast on TV as a movie, I made sure to clear my schedule for that event.<br /><br />First of all, I'd like to say that the movie was very true to the book, contrary to what another reviewer had said. That, in itself, is a rare achievement for TV movies.<br /><br />Secondly, I agree with others about the casting. I could not imagine a better choice for Captain Holland than Richard Dean Anderson. Literally, the movie could have crashed and burned without a proper cast for this pivotal role. Anderson has never been better, and it is a shame that we have not seen more of him. In fact, all of the cast members did a superb job.<br /><br />My only complaint with the movie -- and the book -- was the interjection of the ""terrorist plot"" to arm a private business jet with air-to-air missiles and have its pilot stalk and shoot down the stricken plane. Basically, we are talking about less than 36 hours to orchestrate and execute a plan like this one, and folks, that is just not realistic at all given all the players involved. Also not realistic was how little the airliner was affected by having first one, then two of its engines blown off.<br /><br />That beef aside, I enjoyed the building suspense and found to be very believable how the reactions of foreign governments were portrayed in the film, as well as our own.<br /><br />If you have an opportunity to see this movie, do so by all means.",positive
"Oh,God! Book II is more of a bad remake of the original than a sequel to it.It is not all that funny,its plot plays too much<br /><br />like a rejected situation comedy pilot,and the use of the slogan ""Think God"" is a different variation on the idea that worked so much better in the original.John Denver had not returned for this movie and that made a BIG difference.George Burns,as<br /><br />wonderful as he was playing God,does not have the same chemistry with the little girl that he did with John Denver.<br /><br />I would give this movie a rating of 3 out of 10,but only for<br /><br />George Burns;the rest of the cast is nothing special.<br /><br />If you loved the first one,don't bother to see this one.",negative
i am surprised so few have good words for this movie. For its time (the 80's) it was a very entertaining and engaging story. Casting was good. Story was good. Special effects were remarkable for the time period. Deserving of an 8/10.,positive
"I originally reviewed this film on Amazon about 6 or 7 years ago, and blasted it. I believe I called it ""wretched"" and a ""turkey."" Okay, well, by most standards, it's still a turkey. It's got almost no production values, what little plot there is makes almost no sense, and the acting is on the level of a third-grade play. That said, this has really grown on me over the years as a sort of camp classic. In fact, all of director Todd Sheets' films have had this effect. They're almost like Ed Wood in that regard: Watch them over and over and pick out the flubbed lines, continuity errors (same zombie, two different locations!), and other flaws.<br /><br />I'll say this: Sheets is a very nice guy, and while this, one of his first productions, isn't that great, he has gotten better. And I must add that the only really decent actor/actress in the film is Kasey Rousch, though I may be biased, as I attended school with her.",positive
"Where on earth do I start with the mess that is Darkhunters? Firstly the script is one of the worst to ever find its way onto a cinema or TV screen and can only be described as a poorly judged Stephen King rip-off. At one point the supposedly fearsome darkhunter Jack claims that Carol, the girl who is helping the man he is pursuing, is as annoying as ""a gherkin in a burger"". I would be laughing if I was making it up-BUT I'M NOT! Just as ludicrous is how Carol originally came to have the power to see how people die. A cat gave it to her when she was holding it during an auto accident she had as a kid. WHAT????????<br /><br />Secondly, for a horror movie, it has no sense of tension or threat whatsoever. This may not be helped by the fact that all the action happens during stark, broad daylight. Not very atmospheric at all.<br /><br />Thirdly the acting is truly awful, Pinion proves again that he needs to be speaking in his native tongue to be even remotely believable. Jeff Fahey is obviously on auto-pilot but how can blame him as he runs through a woe-ful Humphry Bogart impersonation as Barlow (Marlowe-Barlow? We get the joke it just isn't funny). Credit should go to Susan Paterno, an actress I was not aware of, she does her best with the awful part she has and puts the other, more experienced actors to shame.<br /><br />At no point is it even explained how the HUMAN character can understand what Van Husen's character is saying to her. She obviously has some sort of degree in screwy alien languages.<br /><br />On the plus side one moment is well done, the car crash involving Susan. The sfx are throughly believable and if it weren't for the hilarious storyline reason for this to occur it would have been applauded.<br /><br />All I can say about darkhunters is that British horror will never recover from its interminable slump if movies like this continue to be made and shown. Avoid this movie like the plague, although the plague would be a lot more scary.<br /><br />Darkhunters 0/5<br /><br />p.s. the insinuations in other reviews that the film remains too intelligent for some are honestly hilarious. It is a weak defence when some claim ""you didn't like it because you didn't understand it"". The letters after my name make a fool of you not me.",negative
"This movie fails miserably on every level. I have an idea, let's take everyone involved in this movie and ship them into a hot zone in the middle east. Maybe if we're lucky they'll all be shot and killed and we won't have to ever have our time wasted by them again. Did I mention that I have never been so bitter about a cinematic pile of crap in my entire life? My god, I can't think of anything I've ever seen that was this bad. I'd rather watch Ishtar 25 times in a row than sit through 10 minutes of this sorry excuse for a film. If I ever happen to meet anyone who was involved in this film, I'll spit in their face and then beat them senseless. That's my two cents.",negative
"With the exception of the main character, the acting didn't convince me, but the story was quite good: It's about a love affair between a gay party boy and a young Mormon missionary. As you can imagine, such a relationship is quite problematic. The movie is very American and, as such, has some metaphysical undertones to counterbalance its criticism of religious intolerance. But some story lines are hilarious: one of the main characters asks his gay colleague: ""Do you believe in God?"" And he answers: ""you mean: other than Madonna?"" All in all, the film is not one of my all-time favorites, but the script is really good and I really liked it: it's entertaining and stands up against (religious) prejudice and intolerance. I think this is an important message in our times. Since I rated films that I liked less with 9, this is clearly a 10 for me. Some people may find this exaggerated, but I think this film deserves it.",positive
"Although there are a lot of familiar ""television"" names associated with ""A Man Called Sledge"", there is nothing extraordinary about the film itself or about any of the performances. In fact, the only thing that distinguishes it from a 1960's-70's television series like ""The Rat Patrol"" is a bigger cast and a lot more violence. <br /><br />James Garner is the biggest star and apparently thought he should try to break away from all the light comedy stuff he had been doing (""Maverick"", ""Support Your Local Sheriff""-""Gunfighter"" etc.). Unfortunately his earthy likability works against him, as Sledge is a humorless character written to cash in on the popularity of Clint Eastwood's spaghetti western character. But Eastwood's stuff was not this flat and uninteresting.<br /><br />I suppose that ""A Man Called Sledge"" could be classified as a spaghetti western although the pacing is too slow to really fit that sub-genre. Fans of the slow-paced ""Combat"" television series will feel an instant connection as Vic Morrow directed the film and co-wrote the script with Frank Kowalski. Throw in some then trendy slow-mo shots and cross-dissolves, which call attention to themselves rather than serve a story-telling purpose. <br /><br />The plot is the standard ""big heist"" thing (insert ""The War Wagon"" here) with Sledge plotting how to heist a $300,000 gold shipment. His gang includes Claude Akins and Dennis Weaver. The problem is that while on the move the shipment is guarded by 40 outriders and while stopped it is locked in a vault inside the territorial prison. I think there was an episode of ""Alias Smith and Jones"" with the same plot.<br /><br />The story would make a decent hour of television but gets old very fast as a very padded feature length film. Garner does not allow any of his charm to leak into his characterization and the film does not generate enough suspense to hold a viewer's interest.<br /><br />The thing finally crashes and burns shortly after the heist when the gang engages in a contrived and totally illogical card game. <br /><br />Then again, what do I know? I'm only a child.",negative
"She's not Michael Jordan<br /><br />Think of all the marvelous NBA players whose career light has been dimmed for no other good reason than the timing of their birth. Their names might trip as easily off the public's lips as Russell, Cousy, Byrd, Magic, McHale, Oscar, Wilt, the list goes on; but the volume gets turned down a little, for Stockton and Malone, Charles, Patrick and all the other great players who always lost the headlines to Michael.<br /><br />I've seen it written that Gretchen Mol's career flamed out in the wake of the cover article in the 1998 Vanity Fair issue which predicted inevitable superstardom for Ms. Mol. It was later said that she had been over hyped. I disagree.<br /><br />I still remember that for some time after I saw ""The Devil's Advocate"" in '97 or '98, I would get confused as to which actress played Mary Ann Lomax. Was it Mol or Theron? Oh yeah! Charlize Theron was the one in ""2 Days in the Valley"" and ""Mighty Joe Young"" and Gretchen Mol was in ""Donnie Brasco"", ""Celebrity"", and ""Rounders"".<br /><br />By the time I had seen ""The Thirteenth Floor"" (Mol) and ""Sweet November"" (Theron), I pretty much had them straightened out but I still put them in the same mental file drawer. Both were highly talented, had sweet faces, similar body types, short blonde hair and so on.<br /><br />Theron, though, was offered more work. I loved her as Sara Deever and as Adele Invergordon her beauty was downright intimidating.<br /><br />In 2003 ""Monster"" was released and from that point until the handing of the Oscar itself, all of filmdom knew who the ""Best Actress"" award was going to. And deservedly so! Theron was Aileen Wuornos. The only way to get a more accurate understanding of what made the real Aileen Wuornos tick would be to somehow replay the digital video trapped in Selby's head. And for a major talent to make herself that physically unattractive! Unheard of!<br /><br />Then in 2005 ""The Notorious Bettie Page"" was released. Mol's performance was extraordinary. Maybe she was standing in the shadow of Ms. Theron. It was like the ballroom for the victory celebration for the losing Presidential candidate, nobody came and nobody cared. It was viewed as a continuation of an old tale, once promising actress with a declining career does a nudie part in a ""B"" movie. Ho hum! No, no, no! Wrong! No matter what you may think of the film (and I enjoy films about the fifties) if you pass on this one you'll be missing one of the better performances of that year. Ms. Moll was every bit as much Bettie as Ms. Theron was Aileen. Unfortunately Aileen, to the film-going public, is the more sympathetic character. For whatever reason, an amoral, sociopathic killer is less embarrassing to us than a naïve, unsophisticated, uninhibited, religious girl whose most capital crime was to live her life totally trusting and completely exposed. Bettie Page was one of the icons of the fifties. Her photos and films never sexual, never pornographic, but she presented as a near caricature of all things kinky. There was no sense of realism, only parody. Ms. Moll captured the very essence of the character. She gained 20 pounds to add some zaftig to her normally slim figure and when she posed for various photographers in the film, her body was Bettie's. Her full frontal lack of any inhibitions accurately fits everything which has been published about Bettie. Cinematic nudity normally depicts eroticism or sexuality. In this film it's all about innocence. Seeing Gretchen/Bettie nude didn't make me want to jump her but instilled a desire to protect her from all the horrors that people can inflict on each other. If you pass on this film you'll be missing out on one of the best performances of recent years. By the way, shame on the MPAA for giving this an R rating.",positive
"Alone in The Dark is one of my favorite role-playing-games of all time. I remember spending whole nights facing the PC screen, trying to escape that mansion and actually being startled at times when monsters came surprisingly charging in. Now, mind you - I am weary of ""computer-game-generated"" movies. I don't remember a single success story in this new Hollywood genre, although some are entertaining enough to be watchable. And yet, I am such a big fan of the game that I couldn't resist. My rationale was that if the movie had a plot that so much as resembled the game's, it would be OK. <br /><br />Man, those were 90 minutes (which seemed like 300) of my life that I'll never get back. If I had that chance, I would have gladly spent them rearranging my sock drawer instead. This isn't even in the ""so bad it's funny"" category. You would think even Christian Slater had a bit more sense than joining this stink bomb. Now, Tara Reid... I'm not complaining about her presence. However, if the purpose of putting this chick in a starring role is to have a sex scene, - which I totally understand and support (hey, I'm a guy!) - I've seen more of her body on press conferences.<br /><br />There is no plot to speak of. Won't waste your time pitching it to you. The credibility of the story sinks below 'I did not have sex with Ms. Lewinski'. The acting is but a few notches above 'Street Fighter', which, by the way, being one of the worst movies I've seen, I would recommend OVER this one.<br /><br />Kids, I recommend the Video Game. It has far better story, acting and much more thrills. As for the movie, here's a spoiler - it STINKS! Wait for the porno version.",negative
"Nice combination of the giant monster and samurai genres. The giant monster Majin, god of the mountain, is an aloof and forbidding figure that comes across very much like the Old-Testament God, raining destruction and punishment on those who desecrate his holy ground - but it's interesting to note that what finally awakens him is not the suffering of the people but a pointed and personal insult. It's beautifully photographed, with solid acting, great miniatures, and a wonderful score by the great Akira Ifukube. Majin is not a 400+ foot monster like Godzilla - he's 2 1/2 times normal size, so the evil samurai he stomps into the ground get a good look into his contemptuous eyes as he bears down on their fortress and smashes it to smithereens. Not much in terms of extras, but it's nice to see this forgotten minor classic rescued and restored to the digital format.",positive
"Save some very early Norris, ""Breaker, Breaker"" has nothing to offer which can't be found ten fold better on any broadcast channel. A pathetic attempt at film making, this is one of the worst films I have ever seen. In spite of that, I did watch it, thumbing the fast forward button, because the acting was so awful it was comical. Of course, the film is supposed to be an action/drama but turned out as a treatise on how NOT to make a movie. Everything which could be wrong with film is on screen in this ""dog"". If you happen across it, give it a peek. It's so bad, it's funny.",negative
"What do you call a horror story without horror and story? <br /><br />This is the most irritating thing about the film: I get the feeling the writers never really decided what's actually going on in the film! It's a different thing to know it, give hints for the audience and not completely reveal it, but here, you get the feeling the screenwriters don't know it, characters in the film do not know it and audience sees that no one knows! (Remember ""Cube""? Even that film knew more about itself.) <br /><br />I've consumed a lot of 80's horror / gore films and this movie certainly has its roots deep in those films. But a lot of important things are missing. We really know nothing about the characters. They keep repeating empty lines over and over again. The story isn't really developing - it never goes anywhere. B-acting is OK in this type of horror films, but there's not much to act in the script. We don't care about the characters. There's nothing to remember about them. There's not even cheesy humor or unnecessary sex. And most importantly - no thrills, no chills.<br /><br />You only get some commonly used elements of the horror film genre. They show the Lordi monsters one by one but their characters don't really contribute anything for the story.<br /><br />I honestly believe that this amount of story, character development and atmosphere could be achieved with minimal amount of crew and equipment. Oh yeah, film makers used to do that - and more - some 20 years ago! I felt the shared embarrassment of the audience as the film ended. Too bad really.",negative
"Here's what I knew about ""Atlantis"" before watching it:<br /><br />* - It's officially Disney's first animated sci-fi adventure. I'm not sure how accurate that is (I like to nitpick) but it made me curious first time I heard it described.<br /><br />* - The preview looked, for the most part, damn cool. Evidently, it was also ""too cryptic"" according to some critics after the fact.<br /><br />* - It apparently did SO badly that Disney said, ""Screw it, let's re-release 'Spy Kids'"".<br /><br />So, with all that said, how is the movie?<br /><br />Hella-cool.<br /><br />I'm a sucker for animated fantasy that involves stirring music and rampant special effects anyway, but ""Atlantis"" goes all out. It's a throwback to all the CGI eye-candy shots in ""Beauty and the Beast"" and ""Aladdin"", so much so that it's almost an effects animator's Best-Of Show. The characters maybe aren't that memorable (except, perhaps, for the ship's medical officer), and the plot's a little dull, but this isn't a movie you watch for the plot.<br /><br />Here's a controversy that bothers me. The ""failure"" (as in, it ""only"" took in, like, five-hundred-million or something; I know animators who'd kill to see fifteen bucks of that) of this movie compared to the popularity of ""Shrek"" and ""Monsters Inc."" has been seen as evidence of the death of traditional animation. I don't think that's true. How do you account for the ""South Park"" movie? What about ""Final Fantasy""? Really, the story and the artistry is everything, not the method. I don't know what Disney's comeback movie will be like, but I don't think they're out of the picture yet.",positive
"I've joined IMDb so people know what a great film this is! It's not often you come across a film that's moving and visually cinematic yet humble. You've read the plot so all I want to say is don't watch it because you want to see a clash of cultural religious identity babble ,because that's the typical misconception people read in to,instead just appreciate and realise it's about a father and son on a voyage growing to know each other through their struggles. Buy it and pass it on before film4 get round to it. This was one of the very few films to be nominated for a BAFTA being independent and foreign. The beauty of it is that it manages to appeal to anyone even if you never watch anything subtitled or just used to the Hollywood formula, just a great story that will keep you engaged. The only thing I wish is for it to be longer and see what happens",positive
"I personally found the film to be great. I had it on pre-order for a month and watched it twice the day I got it in the mail, and several time since.. Yes, the time lapses may be a bit much, but the rest of the movie clearly compensates for it. All amature cast, yet the acting was right on for each part. The plot itself is just... haggard! There's no other way to describe it. Who makes a movie about someone getting f**gered!??? BAM, thats who. Genius. Simply genius. Two thumbs up. I would be honored to work with him any day, any time, on any thing.",positive
"Arthur Bach is decidedly unhappy in his life as a multi-millionaire and is attracted to people 'below him' in social standing - he pays for a hooker in the opening scenes and then is enormously attracted to a shoplifter.<br /><br />He drinks quite a lot too, and sometimes he is driving while drinking, too, which of course is not funny, ever. <br /><br />The movie is great but behind the comedy is some reality, too. John Gielgud wipes the floor with everyone else on screen and created a character for the ages. Talk about deserving an Oscar. Moore and Minnelli have their moments, but its Gielgud as ""Hobson"" you'll remember the most.",positive
"Well, you know... Rutger Hauer and Robert Patrick both are really good actors. But WTF with this movie? The story was lame and the script was just terrible. The poor actors didn't have material to work with!<br /><br />The DVD cover invited you to a flight action flick. You would expect something like Top Gun... Huge disappointment! The flight action in this movie is so cheap that makes you puke. The aerial scenes are clearly taken from documentaries and some other footage sources, not made for this movie. And they didn't even care about the marks or the fighters models, taking for granted the audience will not notice it.<br /><br />As I said the story was lame. With a little effort from the writer and director it could have been very interesting. In short, it seems a B-movie made in the 70's.<br /><br />I feel very sorry for these actors who put their names here. They sure must be ashamed.",negative
"This movie is horrible. Everything in it has been done before. There is nothing original. I cannot stand when writers don't come up with their own plots.<br /><br />A girl makes a wish on her 13th birthday and wakes up as an adult. Hmm, sounds a lot like a movie in the 80s called Big. What is even more annoying is Jennifer Garner's acting. She doesn't act like she is 13 she just acts like she is stupid.<br /><br />From then on, you can guess the whole plot. She gets a good job and it just so happens that a friend she had at 13 works with her. Wow, how awesome! But, no....her friend is bad and turns on her, trying to get her job. But, of course, she wins in the end when she comes up with a ""great"" idea.<br /><br />There's also a dancing scene in the movie that I've seen a thousand times before.<br /><br />I hate this movie.",negative
"I had the pleasure of seeing Saltimbanco live before seeing the video version of the show. While nothing can compare to actually being there, the people behind the video did an amazing job of capturing the flavor, the feel, the sensation and so much more. The wonderful performances of Saltimbanco's stunningly amazing troupe are beautifully captured throughout. The video flows as smoothly and artfully as the production itself. A wonderful experience.",positive
"The summary was promising but watching the movie was a huge disappointment. Nothing happens in this movie. Plot is linear and without surprise. Normal characters stay normal until end of the film, weird characters stay weird until end of the film. There is even not a single tentative to foul the viewer into thinking that the bad guy is someone else than the most obvious candidate. On the positive side, actors play quite well, and there is a tiny bit of atmosphere in the movie, but much too little to be any significant.<br /><br />People who vote 10 for this movie either didn't see it, or are member of the movie production team ! 4 is well paid.",negative
"After being bitten by a bat in a cave,a doctor named John Beck undergoes an accelerating transformation into a man-bat creature.His wife assures him that there's nothing wrong with him,it's all just due to rabies or the anti-rabies drugs he's taking.The local cop thinks that John is responsible for several gruesome murders.""The Bat People"" by Jerry Jameson is one hell of a horrible film.The script is deadly dull and there is no gore nor nudity.This pointless piece of crap is so mind-numbingly boring that you'll scratch your head in a total disbelief after suffering through it.Even the design of a man-bat creature by a young Stan Winston is completely pathetic and unmemorable.Avoid this stinker like the plague.2 out of 10.",negative
"There's no getting around it-- this movie is terrible. I've seen the old Christopher Lee/Fu Manchu movies, I'm familiar with the characters and it's serial origins, but it's still just godawful. However, Peter Sellers' genius still shines through with his portrayal of Nayland Smith, with echoes of sadness, tragedy, and strength simmering through a stoic facade; it's a performance I place on par with Peter Cushing's portrayal of Van Helsing but done in a tenth of the cumulative screen time of all Cushing's ""Dracula"" movies. If the movie was done in a more serio-comic vein like BUBBA HO-TEP by way of the 1960's AVENGERS TV show, this could've been something special. If you're a Fu Manchu or Peter Sellers completest, this is something you need to see, but it's a pass for anyone else.",negative
"What a sad sight these TV stalwarts make, running out the clock on their careers stumbling about a little rusting hulk of a ship - boat might be more appropriate. The whole production feels cheap and shabby, and it's not helped by a ""big name"" star who is barely capable of spitting out the few lines that he's given in a credible fashion.<br /><br />At no time do the supporting cast rise above the material; they're clearly watching the clock here. Bang out the scenes, get the pay cheque, go home, and try to forget all about it.<br /><br />It's not particularly badly scripted or filmed; there are no real clangers, it's just utterly anodyne, and shot in a very limited number of cramped sets with a small cast of extras. The pacing is a little bizarre; an embarrassingly tentative romantic sub-plot is only begun after the main action starts, which makes it feel irrelevant.<br /><br />Maiden Voyage scores a couple of points for being competently scored, and for being a fun game of ""spot the Kiwi bit parters""; most of the cast are graduates of Shortland Street or Xena: Warrior Princess. The saddest thing about this production is that this film probably constitutes their big break.",negative
"A powerfully wonderful movie. You are held in a death-grip once you let yourself get involved with the story. A successful dentist, Alan Johnson(Don Cheadle), is torn in a life crisis of balancing his career with his family. He notices his former college roommate Charlie Fineman(Adam Sandler)and wants to touch base. He finds that Charlie, who lost his wife and family in the 9-11 attack on America, is no longer in touch with reality...choosing to involve his mind with his favorite music from the past and video games. The former roommates rekindle their friendship and strengthen their former bond. Johnson has his friend Angela Oakhurts(Liv Tyler), a psychiatrist, to try and bring Charlie out of his grief...but it is Alan that accomplishes in getting his friend to emerge from his deep darkness. Jada Pinkett Smith plays Johnson's wife. Writer and director Mike Binder plays the role of Charlie's attorney/guardian. Also in the cast: Saffron Burrows, Donald Sutherland, Adell Modell and Robert Klein. Outstanding soundtrack featuring the likes of Bruce Springsteen, Graham Nash, Pear Jam and The Pretenders.<br /><br />NOTE: I have never been a Sandler fan; but I found him outstanding in this role. In some of the scenes, I thought out loud...why has he never been approached to play singer/songwriter Bob Dylan in a biopic.",positive
"Definitely the product of young minds, this piece may very well appeal to the 20s crowd, who is still trying to find their place in the world, while obsessing over every neurosis. However, I can't imagine that the heavy amount of narcissistic navel-gazing, trite humor, or banal subject matter would be particularly engaging to anyone over 30. Another problem is that the peripheral characters, whom the filmmakers obviously have nothing but contempt for, are hyped up to such absurd caricatures for comic effect, that they fail to be relatable in any real way. <br /><br />However, one has to give some style points to the filmmakers, who obviously grew up in the video generation, and use every conceivable editing trick in the book in order to spruce up an otherwise non-existent plot. There are 2 points to remember here. First, beware of festival darlings. Second, even though we live in the age of youtube, not everyone's account of their mundane lives deserves big- screen treatment. But these young filmmakers have every right to make their film, and if others 20-somethings can find something in it to identify with, then all the better. Yet I could not help but think at the end of this film how this latest generation, just now coming of age, will fare in the real world that presents so many challenges and complications. In the age when every child is constantly reassured of how special they are, and that they all deserve their 15 minutes of exposure, resiliency and the ability to deal with adversity does not exactly appear to be this generation's strong point.",negative
"If this is supposed to be the black experience, let me out at either the front or back door.<br /><br />A mama's boy one day sees 2 young hoods walk by and from then on it's all down hill for him. Angela Bassett, the one shining grace in this film, plays his over protective, religious mother. Despite her anger at how his life has turned, by the middle of the picture, she really decides to accept this. She allows his friends to come in and suddenly it's all right to use the profanity as long as it's not in front of the children.<br /><br />This is a sad state of affairs regarding gangster rap. You knew where this film was heading.<br /><br />I literally laughed out loud when at the end, when Bassett is accompanying her son's body for burial, she states that while his life had been cut short at age 24, he had become a man. What man? He had been a convicted criminal, wrote the most atrocious rap music with constant vulgarity,and scorned society. That scene in the classroom where he tells a teacher that as a sanitation worker, he will earn more than the teacher is a perfect example of what goes on in our schools. The complete and utter lack of respect for the teacher.<br /><br />The east coast, west coast gang rap rivalry is never fully explained. All we see are guns blazing.<br /><br />A terrible picture doing nothing to prevent gang violence. What horrible role models are these rap singers and their foul music. The African American community should take umbrage at their very being. Who was this classless fat slob who portrayed Biggie? He made Rerun from the old television show look thin by comparison. I know it was the streets of Bedford Stuyvesant that changed this chubby little boy into the vulgar monster that he was. What a sorry state of affairs when this is called motion picture entertainment.",negative
"My Super Ex-Girlfriend is an entertaining movie no more no less. <br /><br />The story is quiet simple. Matt Saunders(Luke Wilson) meets Jenny(Uma Thurman) on the subway and hooks up with her. In the beginning of their relationship everything seems to be OK, but then Matt finds out that she's G-Girl. At first that seems really cool to Matt but it turns out that G-Girl is very jealous and needy. So he decides to break up with her and hook up with his colleague Hannah(Anna Faris). This makes G-Girl very mad and she starts to avenge herself on her former boyfriend.<br /><br />What I liked most in the movie are the scenes where G-Girl avenges herself on Matt. It was also nice to see Anna Faris in another role then her character from the Scary Movie saga.<br /><br />I give this movie a 7 out of 10 and recommend it to anybody who likes a nice comedy.",positive
"I'm probably one of the few people who defend and even enjoy ""Frisk,"" the project that put Todd Verow on the map, if that is indeed where he is. I appreciated that someone had the guts to take on Dennis Cooper and not back away from the material; Verow fairly rolls around in it. Judging from what he's done since then he's well-suited for that type of material and should probably stick to it. ""Vacationland,"" a would-be ""teen coming out"" film, is so misguided in so many ways it becomes unintentional comedy, and I'm disappointed I have to report that.<br /><br />First off, our hero, the high school Senior ""Joe"" is far too old in appearance to be playing 18 . When we later meet a man who is supposed to be Joe's teacher it's confusing, as the sweaty-faced guy looks much younger than the student he's teaching. Joe's mother looks younger than he does and doesn't ""act"" any older either. Second, in Joe's opening scenes he looked like he was either playing, or actually experiencing, mental challenges. To his credit he got better as the film went on and I figured out he was ""playing young,"" but it just wasn't working--it was weird.<br /><br />It's 15 minutes in before anything is revealed about who, what and where these people are, and why we should care. The second scene in the film is an extended bit of business in a men's toilet room that, considering where the story goes later, is absolutely superfluous; the subplot with the teacher goes nowhere at all, even as a ""rite of passage"" for our ""young"" hero...one minute Joe is nervously trying his hand at bathroom stall sex (a scene so un-erotic it makes you truly wonder what anyone sees in the practice), the next minute he's an expert at sexual blackmail and violent double-crossing. This is followed by an extended scene with the character we'll later learn is ""Andrew,"" and that's about all we learn about him, other than he's apparently gay but not out yet.<br /><br />There's a lot crammed in to the 1:44 running time (which is about 20 minutes too long--I can't imagine how it played with the mind-numbingly long and pointless deleted scenes of Joe walking around); a sub-plot copped from ""Gods And Monsters"" with an aged patron who spouts rhetoric appros pos of nothing played by an actor who obviously can't remember his lines (he is conveniently dispatched with in a way Dickens might have come up with on a slow week); a mix-n-match almost-four-way between the boys and their girlfriends, a gay-bashing toilet tramp, a would-be wise sage in the form of a nellie queen (and hasn't the nellie queen suddenly taken over the role of the ""hooker with the heart of gold"" as most tired stereo-type?) who exists only to be degraded; blackmail, theft, murder, alcohol consumption and abuse of looping music software for soundtrack recording.<br /><br />What you will NOT find in this movie are any interior establishing master shots; we're expected to imagine we're in an airport, grocery store office and classroom, as all the scenes in these locations consist of close-ups and poorly edited soundscapes to convey the idea of locales that the production must not have been able to afford. One thing they were able to get appears to have been an actual gay bar; either it's the worst bar in the world or there are only about 5 gay men in Bangor, Maine, as the bar never has any patrons in it. Another good chuckle came when the actors were supposed to be yelling over dance music that very obviously wasn't coming from the speakers, but was just more of the droning loop-music of the ""score.""<br /><br />Plots and characters come and go, emotions are unreadable and the dialog, clearly inspired by Dennis Cooper, is ""film-speak,"" meaning no humans actually talk this way. Since we aren't given any information about these characters it's impossible to care about what happens to them; it's as if Joe et al appear out of the ether one day and might simply cease to exist once the credits roll (certainly the character of Joe's sister, a wannabee Jennifer Grey who is Bohemia-crazy, seems to just simply ""stop,"" we never know where she is in LA or what her problem is...but again...does it matter?). Visually the film looks very good at times, more a testament to new developments in hi-def video than anything, I suspect. The editing is pretty clunky though (there was one great edit; Joe is posing naked and says, ""I wanted to play sports, but..."" and we cut to a shot revealing his ""butt..."" ha ha). Composition is also odd at times (I thought I was watching SCTV's parody of ""Persona"" when the boys were talking together in bed and visually it looked as if their noses were stuck together for the whole scene!).<br /><br />One senses Verow is really restraining himself from making a ""naughtier"" or somewhat rougher movie like he usually does, and maybe he shouldn't have held back (the frothy toothpaste/sex fantasy worked nicely, I thought, though the tone was out of touch with the rest of the movie)...he produces and directs this ""sensitive coming of age"" story much like Herschell Gordon Lewis directed films without gore...porn films without sex in them. I got some unintended laughs out of this and it wasn't boring, it just wasn't very good either.",negative
"This movie is a must see for any war movie buff. One of the greatest movies of all time and loaded with great quotes such as:<br /><br />Kilgore: If I say its safe to surf this beach Captain, then its safe to surf this beach!<br /><br />Kilgore: Smell that? You smell that? Lance: What? Kilgore: Napalm, son. Nothing in the world smells like that. Kilgore: I love the smell of napalm in the morning. You know, one time we had a hill bombed, for 12 hours. When it was all over, I walked up. We didn't find one of 'em, not one stinkin' dink body. The smell, you know that gasoline smell, the whole hill. Smelled like... victory. Someday this war's gonna end...",positive
I think this is a lovely family movie. There are plenty of hilarious scenes and heart-warming moments to be had throughout the movie. The actors are great and the effects well executed throughout. Danny Glover plays George Knox who manages the terrible baseball team 'The Angels' and is great throughout the film. Also fantastic are the young actors Joseph Gordon-Levitt and Milton Davis Jr. Christopher Lloyd is good as Al 'The Angel' and the effects are great in this top notch Disney movie. A touching and heart-warming movie which everyone should enjoy.,positive
"I watched this movie with no idea what it was about beforehand. I was intrigued for the first whole hour. It was shaping up to be a great thriller. A very talented cast and good dialogue.Then it all fell apart for me at the sight of the first vampire. I couldn't believe my eyes.A great thriller was flushed down the toilet. The rest of the movie from that point was totally awful.<br /><br />I gave it 4 stars for the brilliant beginning alone. I think that's a little generous, but I was entertained for a while. I'm not a fan of vampire or zombie movies at all.If you are, then you may disagree with my opinion.",negative
"This would've been a *great* silent film. The acting really is good, at least in a Look Ma, I'm Doing Really Big Acting! sort of way.<br /><br />Everything is HUGE. Every line is PROFOUND! Every scene is SHATTERED BY HUMAN TRAGEDY!<br /><br />Mostly, I felt like gagging. Yet, like any train wreck, I couldn't tear my eyes away. This dialogue might've worked on the stage, although I doubt it. On the screen, it was cluttered, haphazard, hackneyed and pretty much every other stereotypical negative adjective you can come up with to describe a really bad dramatic work.<br /><br />If you enjoy your melodrama in huge, heaping doses, you *might* enjoy the movie. Be prepared to wait, however. For all that melodrama, this thing sure plods along at its own pace.<br /><br />This script must've sounded a lot different when the actors involved were reading it to themselves. It simply doesn't work once they get around to delivering it in front of the camera.<br /><br />IMDB does us a great disservice, at times, when it uses its goofy computer-controlled ""weighted score"". Curse of the Starving Class deserves less than a 1.<br /><br />Character-driven fiction is great, but when you develop your characters by simply pushing them through hoops with no plausible explanation for their maturation or evolution, it isn't character development! Your characters must have a motivation. Being drunk for a while and waking up in a field is *not* character development. That's a plot contrivance.<br /><br />Stay away from this movie. Or at the very least, watch it muted. Perhaps you'll get some amusement from all the arm-waving the characters do.<br /><br />Oh, and word to the wise -- to prove that this is truly an artsy film, you see James Woods in all his dangly male ""look-at-me, I'm-the-figurative-and-literal-representation-of-the-naked-vulnerability-of- man"" glory.<br /><br />Don't say you weren't warned.",negative
"I started to take a critical view on this adaptation within the first few minutes but as a dedicated Jane Austen fan I persevered through to the end... However, this is not a programme I would recommend to someone unfamiliar with her work as I don't think it does the book justice, nor makes particularly entertaining television in its own right. There was something about this adaptation that lacked believability - many of the costumes and even the actors did not have an authentic look and I found the acting to be, at times, poor. There is no doubt that the actors were all very good-looking, but this didn't provide enough variety to create really diverse, memorable characters. It was far too static being set entirely in the same location and missing out Fanny's return home, which is one of the most interesting parts of the story. The best actor was Blake Ritson, who captured the wholesomeness of Edmund very well, and the Crawfords were effectively cast too. I do like Billie Piper as an actress, but this role did not suit her and was much better played by Frances O'Connor in the 1999 version who gave overall a far more subtle and convincing performance. Jane Austen adaptations will always provide a love story to leave you feeling good but unfortunately, this is one of the worst I have seen.",negative
"Woaww Is it only now that you notice the links between all the characters ?? Of course it's Libby ! And for the guy in the hatch with Desmond, any deja vu ??? Yeah !! He was the ""same"" guy that gave money to Sayid after he's killed or tortured the other soldier in the episode 14th of the 2nd season : One of Them. Well actually it's not completely the same guy, he's named Joe in the 14th episode and Kelvin in the last 2 episodes. Twins ?? :) Who knows ?? JJ Abrams ... mmmm I'm not even sure of that :) There are hundreds of links like this one between all the characters.<br /><br />But that was just in response to the Libby comment.<br /><br />I found those 2 episodes far more interesting than the whole season 2. During all that season I felt that there was lots of things I've missed and very few things I've learned. Especially at the very beginning, the 1st episode of the 2nd season is excellent, and then the 2nd one is a kind of flash back of the 1st one ... I found that disappointing even if I'm pretty sure that everything in Lost tend to have a meaning. That was just an example of how I was frustrated watching those episodes.<br /><br />Let's go back to the last 2 episodes. I think we've learned more new things in those 2 episodes than in the entire season. But all we learn are little pieces for the next puzzle, like the involvement of Desmond's ""relatives"" (sorry if I spoil too much, believe me or not I'm trying not to) for example. So lots of things evoked in the past 2 seasons are still unclear or have been developed once then nothing. And still, there's new material as if all the holes in the picture were not enough. We all want to see the big picture of all of it of course, but I think we'll have to be very very patient. I hope there will be only 3 seasons. I'm not sure I will watch more than 3 seasons anyway. There was also lots of actions in the very last episode. And a good cliffhanger at the very end.<br /><br />So basically, yes I loved that last episode ... and yes I want to see the third season.",positive
"I would give this show a ten out of ten if it was not for the fart jokes. You people are so damn sensitive it is inane! So quick to point out the ""racism"" of the show and the jokes, yet are also so quick to say ridiculously sexist, pig-headed crap like ""well, duh, some of these other shows do these jokes so much better because at least they have hot women."" So disgusting. Abortion jokes are great because, really, who takes abortion seriously anyways? At least I'm not a*bore*son. I hear that Reba McEntire and Sarah Silverman are teaming up to do a movie about sisters taking a road trip together. Talk about a movie of the year!",positive
"The timing of this film being released could not be better, particularly in light of all the turmoil in this world today. The film is a heartwarming, endearing and witty a piece. If you have siblings and still have parents alive, this will hit home well for the viewer. If you've lost your parents, then it will touch you deeply. The laughs come frequently, the ensemble cast works very well together and are believable. This film is intelligently written and the lines that come from each of the actors make the viewer laugh out loud frequently. There are moments that will bring tears to your eyes as well. I would recommend this film to anyone who respects the importantce of family and can follow an intelligent film.",positive
"Tarzan, the environmental awareness leader, faces four trappers who by most unorthodox means abduct animals to get them to Zoos. Tarzan has a bland but sexy enough wife with an impeccable hairdo, and a kid. No one should fault Tarzan for being grieved by the vicious actions of the hunters.<br /><br />This Gordon Scott Tarzan flick is one of the silliest, completely and unnecessarily silly; for one reason or another, the team did not find anything charming to sustain the movie, and so it's just some silly rubbish. Tarzan and his family are threatened by a group of evil trappers ,because Tarzan's environmental awareness brought him into open conflict with the evildoers. The kid and the chimpanzee, both belonging to Tarzan, are kidnapped by the malevolent trappers; so Tarzan summons the unleashed animal forces of the jungle to release the kid and the chimpwith Tarzan leading the attack. TARZAN AND THE TRAPPERS is silly, unappealing, quite uninteresting. Maybe as a kid I would have liked it? Now one has to be too meanas viciously mean as those pathetic trappers punished by Tarzanto ask a Tarzan flick not to be silly; this I concede. But one is also truly entitled to ask these Tarzan flicks, however silly, to have and to show some gustoa bit of gustoeven a tiny bit of gusto. Some kick, some excitement, some fun. Now the Gordon Scott Tarzan failure is too silly exactly in the sense of not having any gusto at all, of lacking all excitement. (Yes, I liked the sequence of the jungle beast eating a snake. What beast? Watch the movie, kiddos, now here I just gave you one excuse to do so.) For one reason or another, the villains look somewhat pathetic and elicit mercy rather than virtuous anger.<br /><br />The books leave the impression that Tarzan seemed quite bright in his own way; and if finding a decent bodybuilder or another sportsman to look clever enough for the role might prove a too demanding, next to impossible task, Gordon Scott was anyway too far from meeting that ideal.<br /><br />The wife chides Tarzan for disliking books.<br /><br />The script suggests Tarzan was uneducated, almost illiterate, and adverse to learning; but the book says otherwise, and we know that Tarzan studied much, by himself, using the books of his gone family, before even meeting white people.<br /><br />And I did not like that yell.<br /><br />(It's supposed, dear kiddos, to be a genuine wild yell, not a missed yodeler.)",negative
"one of the best ensemble acted films I've ever seen. There isn't much to the plot, but the acting- incredible. You see the characters change ever so subtly, undr the influence of the rented villa in Italy, and love. And happiness. The film casts a mesmerizing spell on you, much as the villa does on all the women. Truly ""enchanted"".",positive
"I was half-dozing as I watched a late night selection of short films--but sat bolt upright from the first frames of ""I Shout Love"" and could not take my eyes away for its full, brief, perfect length. With incredibly assured pacing and performances, this film maintains its funny/sad/insightful tone throughout. The credits at the end went by so quickly and in such small type, I had to go online to find out the person responsible for this master work. What a pleasing surprise to see the name of Sarah Polley, a major actress who is too seldom seen.<br /><br />Kristen Thomsen (Tessa) and Matthew Ferguson (Bobby) turn in rich, touching performances as a couple in the throes of breaking up. As they work through a reprise of Tessa's favorite moments from their time together, both actors reveal dimensions of their characters and their relationship in ways that bring nothing but honor to their talents--and to the director/writer's skills. The film creates a moving narrative with laugh-out-loud moments and caught-breath sorrow.<br /><br />""I Shout Love"" is unquestionably one of the greatest and most memorable short films I ever expect to see. It has wit, heart and stunning originality. It matters.",positive
"The entire 10:15 minute presentation is done in a very non-threatening and non-medical way that even preteen children can easily understand. It dispels many of the myths surrounding menstruation that were going around in those days (1946) While sex is not explicitly mentioned, the part about fertilization is. This is also, purportedly, the first Hollywood production to ever use the word ""vagina"" in the dialogue.<br /><br />It is cute how the animated character is shown topless in the shower in a purely animated character way with no defining features as was the way of the day. Many of the Betty Boop cartoons showed her undress without revealing any defining features either. Max Fleischer was a bit of a card and did this with many of the Betty Boop cartoons which required frame-by-frame viewing to find them.<br /><br />There is no mention at the beginning or end of the film as to who the female narrator is. In fact, there are no credits whatsoever other than those mentioning Kotex and Kimberly-Clark Corporation.<br /><br />This title is nearly impossible to attain; but for those who are Bittorrent downloaders, it can be found out there in the ether. This is one of those ""keepers"" that will become increasingly hard to find as older short subject features fade into obscurity.",positive
"I thought this movie was going to be good. It absolutely wasn't, despite the Oscar-winning lead actors. I may have laughed once, and I never heard anybody else in the theater laughing. Renee Zellweger's pancake make-up was very unbecoming. Everybody seems to be trying so hard in this movie, running around in imitation of slapstick but not pulling it off. I think perhaps the movie must've sounded good in development, but something got lost in translation. Were the roaring 20's really like this? I think not. Everything seems a tad artificial. Randy Newman's score was annoying. The film is in sepia tones, just like every other movie that takes place in the 20's or 30's. There's just not that much originality here.",negative
"This was a movie that could have been great if there were not so many unnecessary historical inaccuracies and if the actors had been chosen or made up to look a little more like the real persons (not very difficult). Sissi did not go to Mayerling to see her dead son, she also did not die in the street; they carried her on to the boat and then back to the hotel, which was much more dramatic. I am not sure about the wedding night, but I find it exaggerated that a lady-in-waiting would undress the empress and leave her completely naked (and that in the 1850's) or that the emperor would announce very proudly ""yes I finally laid her"" to the assembled court. As far as I know this was done right away on the first night and nobody rewarded her as if she were a streetwalker. The saving grace of the movie is really Stephane Audran, excellent actress and true to character.",negative
"Infamous pre-code film, really the one film that caused people to insist on the Hayes Code being strictly enforced. Barbara Stanwyck stars as a young girl whose liquor-selling father has no problem pimping her out to customers. When he dies in an accident, she's released out into the world with the knowledge that her nubile body can get her whatever she wants. She goes to New York and proceeds to climb the corporate ladder, one bed at a time. Although obviously there's no actual sex shown, the film is quite sleazy. Unfortunately, after the initial shock value fades (around the time Stanwyck screws a rail car inspector so she can travel for free), the film becomes a tad repetitive and dull. Stanwyck herself is the only thing that keeps the film worth sitting through. As always, she's fantastic.",positive
"In a summer that also boasted such repugnant stinkers as Snakes on a Plane and The Da Vinci Code, that's a pretty bold statement. But I stand by it nonetheless. Superman Returns, like King Kong 6 months before it, is overlong, hyper-indulgent and with CGI up to the eyeballs. My God, this stuff is doing my head in.<br /><br />Richard Donner had the idea of 'keep it real' for his 2 outings. And I do find his approach to the special and optical effects to be the most appropriate. Brian Singer bombards us with so much CGI that it really takes you out of the story and constantly reminds you that you are watching a wannabe blockbuster that thinks that the only way to impress an audience is to spend $250 million (a totally irresponsible amount of money) on obnoxious visual effects that don't live up to the hype. We've seen everything and been everywhere that CGI can take us. There's no real atmosphere or involvement in this. And for a film that is 95% made up of this crap...well you figure it out.<br /><br />I've read so many reviews from fanboy critics about how the movie has 'soul' or 'a human heart' or 'tender character moments'. Puh-lease! We've already had brooding superheros silently screaming 'you'd love me if you knew who I am' dozens of times already in recent years and SR offers absolutely NOTHING new in this regard. Even the plot is recycled garbage. Lex Luthor (a seriously mis-cast and hammy Kevin Spacey) plotting to destroy the landmass of America was done in the first film already! And, well...that's your lot! It's amazing that they managed to draw out this junk to 2.5 painful hours! Even if the cast were likable it would make it less unbearable. But Brandon Routh has the on screen personality of a mahogany hat-stand, Kate Bosworth is completely unconvincing as a Pulitzer Prize-winning journalist, James Marsden is 250% wooden, as usual and Kevin Spacey really needs to either fire his agent or acquire some better judgement. The only cast member I liked was the lovely Parker Posey. But I'm into weird-looking girls.<br /><br />Every year films like this get bigger and more bombastic. Pretty soon we'll have $300 million films. Studios need to realise that maybe they should start looking down instead of looking up. For all the money that Warner spent on this pile of crap, for all the resources that this movie cost to make...was it worth it? In my opinion, certainly not! This garbage has put me of Superman for life!",negative
"The problem with this series is that it is too real. I am watching it on Amazon ""Unbox"" and having just finished episode 2 I hate, absolutely hate, Fark, the leader of the Cell. I cannot recall any television series ever having this emotional impact. Remember the old tag line for horror movies ""Just keep telling yourself its only a movie""? Well I find myself repeatedly reminding myself that its ""only TV"". But of course it isn't only TV is it? The possibility of a cell such as the one portrayed here actually operating in the United States is certainly within the range of plausibility. That's what gives this program its vicious authenticity. And that's why I hate it so much.",positive
"Another go round with the monkey king going west....sort of.<br /><br />Beginning in the middle of some action the movie just goes from the first frame onward.<br /><br />A monk and his three disciples go to a town to get the sacred suras that will bring peace to the world once they are translated and spoken to the world.But an evil force has intervened and kidnapped all of the children of the town. The evil force wants the monk because if you eat him you will live forever. The retainers battle the forces of darkness before forcibly sending the monk off for safety (The monk thinks he can win simply by reasoning with the bad guys). The monk ends up with a bunch of lizard imps who plan at some point eating him... however the bad guys arrive and he's off an odyssey with the ugliest of the lot.<br /><br />Can a movie that starts off the rails go off the rails? Don't get me wrong I really liked this movie but its so scatter shot and all over the place that plot and logic simply fall away as some scenes simply pick up mid action with no way of knowing how we got there (The final battle to rescue the disciples is completely out of left field). This is one of the messiest movies I've seen in a while, but it made me laugh and smile like no get out. The movie starts and you have no idea where things are and then whats on screen is either interesting or funny and you just go with it. How do we get from thing to thing is often beyond me. Its full of odd asides and strange references as we go from heaven to the ocean to space to the rib cage of some mythic beast to god knows where. This movie floats all over the place which helps keep it fun since you don't know where it will end up (and is the reason""m keeping details to a minimum) And its funny. Very very funny at times.<br /><br />And the action is very good, even if a good chunk of it is unabashed CGI animation (which provides for some cool images, the golden staff, the spider attack formation, the angel in flight...) And its very touching. Action and comedy aside this is actually a wonderful love story. Its the story of an ugly imp and a monk who end up falling in love (and having other complications). Its a interesting look at the nature of love and what is true love. You will be moved.<br /><br />However much I enjoyed it I was still annoyed by its scatter shot construction. The films inability to hold its ideas together and to tell a complete story really hurts the film and takes away from the enjoyment every time we get to a bump in the road. the bumps take you out of the movie itself and make you realize how much is being cribbed from other sources.<br /><br />Absolutely worth seeing since it does have many choice moments, just be prepared for some bumps and you'll have a good time.",positive
"Wes Craven, you are having a laugh... at our expense. The Red Eye plot is preposterous... We are confronted by a guy who has apparently spent 8 weeks watching a girl, who then turns up at an airport behind her, flirts and chats her up successfully, somehow wangles a seat next to her in a two seat space, not trapped in the middle of a five seat row (contacts at check-in?) and is cheezily nice during a painfully slooooow build up. Then, once up in the air, in a confined space, surrounded by strangers, he immediately starts threatening the vacuous, if super-efficient, Rachel McAdams and saying tosh like 'we got ya daddy, do what I say, or poppa gets it'. Well, forgive me, but didn't they already have her daddy ready for slaughter-so-you-better-oughta long before she stepped on the plane and therefore wouldn't it have been oh, sooooooo much simpler to simply snatch the gal off the street and terrorise her in a room somewhere, forgetting the complicated and insecure dad plot, pulling her nails out or whatever until she made the all important 'call' required? Or even - cos this is the movies and we need a few unreal twists - keep the dumb dad-in-distress thing intact if you must, but dress it up better so that holding him in harms way until the convoluted plot had been concluded made some sense, without the plane dumbdown? Alternatively, without wanting to sound like an actual thinking terrorist/assassin - couldn't the massive bazooka-missile thang employed have been far more easily used on, say, a car driving down the highway, with the politician inside, rather than the 50th story of a Miami seafront hotel, from a fishing boat (mind you, as we already know, security in Miami is lax, so they'll speed away)? I know, I know, far more fun to go through watching a pretty girl for 8 weeks, burgle her dads house to steal his wallet (that somehow - star trek style - gets transported from Miami to Texas instantly) in order to - perhaps - get her to arrange for a politician to change hotel room and, and, and... Well, a thousand things could go wrong here, each one entirely destroying the Big Plan, so why not slim the elements down to a sensible handful, such as - 1. bazooka. 2. car. 3. boom! My 50 minute drive home from the cinema was spent highlighting the abundance of flaws and stupid cod-Hitchcockian twists, which sadly was the best fun of the whole sorry experience. And as for security back at Miami Airport... we have an apparently crazy and violent girl running off a plane, chased by cops, who during the chase sits down to have a coffee, moves elsewhere to read a magazine at a bar, then runs again like crazy up and down the whole terminal... by now also chased by crazed Cillian Murphy (no CCTV then? - I had guns pulled on me for parking in the wrong place for 10 seconds at Miami Airport a couple of years back). So instead of speaking to the cops - her allies - or getting on the blower at a call-box direct to her dad to warn him his life is in danger, McAdams prefers instead to steal a People Carrier off a family in the Airport forecourt (call the damned security...) and drives home to daddy, mowing down the assassin with the vehicle in the front garden of the house, in a rich neighbourhood-watch district, crushing the front porch in the process - an act which actually slightly wakes dad up from an afternoon snooze, after about a minute, yet which somehow fails to register with neighbours who aren't even mildly curious, thus ensuring 15 more minutes of hide and seek shenanigans as the duo run around the vast Hollodeck type house... Dohhh, it actually hurts to keep thinking about it all - Cillian (surely renamed Silly 'un for doing this one?) preposterously turns from ice assassin to comically unhinged (and inept) lunatic killer at the end, this theoretically ruthless despatcher of human life now allowing the dad to live so that he can watch his daughter getting her goose cooked. I'd better stop, because the stream of drivel I'm writing here must sound as uncoordinated as the Red Eye script. If Ms McAdams hadn't been allowed to get on the plane in the first place the title could have been altered, from 'Red Eye' to 'No Eye, Dear'. RR",negative
"it's hard to make a negative statement here after all this raving about how great deed poll is, how wonderful the actors did and so on and so on. i did not like the film. it's crappy!<br /><br />there are orgies, they have taboo sex (gay sex, bi sex, oral sex, rape, anal sex, masturbation, brother-sister-sex, brother-brother-sex, sex on drugs, sex without drugs, sex, sex, sex seems to rule their world. i guess the director is desperately in need of a getting laid.) the story is just dirty and shameful. i wonder what made those people get up with this story. and above all: who cares?<br /><br />the technical stuff didn't satisfy me as well. the sound is poor, so is the editing and the ""direction"" is absent. the actors are admittedly fine, but guess what! it's their job! their job is to act! no need to jump off your seats if an actor did a decent job. do you applause when a bus driver brings you home safely? see?<br /><br />i gave it 2/10 because after all this thing had something that i can't put in words. b movie charm? camp fun? nudity? i don't know.",negative
"Oh, well I thought it should be a good action, but it was not. Although Jeff Speakman stars there is nothing to watch.Only two fight for almost 1,5 hours, yak.A lot of talking and everything is so artificial that you could not believe it. The plot is clear from the beginning. If you want good action don't rent this movie.",negative
"The peculiar charisma of Martin Kosleck brings a certain believability to his character of the frustrated artist. He imbues his dialog with an odd sense of realism, making the sculptor Marcel a convincing individual. The character manages to come across as a real person and not so much a typical B movie villain.<br /><br />The story line is nothing to write home about, and many scenes are dull. What makes it work is the strange chemistry between Kosleck and Rondo Hatton as the Creeper. Kosleck's talkative, philosophical character is contrasted with Hatton's low key, monosyllabic approach. The character of the Creeper isn't developed much beyond a basic monster level, but Hatton suggests undeveloped possibilities and makes you wonder about his back story.<br /><br />This movie was on Shock Theater a lot when I was a kid, so I have a certain nostalgic fondness for it. It's worth seeing once, anyway, for those who enjoy Forties horror movies.",negative
"Not for the first time, I'm out of kilter with the majority view. Oz is a dreadful, pretentious, voyeuristic series. The makers have their cake and eat it. Oz, Em City, etc are used as ultra- crude signals that the apparent grittiness is complete fantasy. This allows viewers the feeblest of intellectual excuses to watch soap operatic nonsense spiced with everything that is bad about human beings.<br /><br />When you watch an episode, please remember that while the foul-mouthed, violent, absurdly convoluted, unconvincing, sick, imaginary drama unfolds before your approving eyes, several hundred infants in poorer parts of the world have died from bad food or water.<br /><br />Oz is exploitative drama at its worst. It appeals to the basest instincts but pretends to be serious and meaningful. It blows hot and cold and changes from fortissimo to pianissimo more often than a Mahler symphony.<br /><br />Dialogue is unrelentingly ugly and utilitarian. The liberties taken with realities are stupid. Here's a nightclub owning dandy, arriving at Oz in his foppish finery, complete with a ridiculously cloudy contact lens in one eye, brandishing a stash of drugs that nobody detected. Here's a murderous wimp bleating about the heat death of the universe, begging to be killed, but of course being refused by the brute he approaches and doing a bit of improbable throat cutting himself.<br /><br />The action races on at a pace fast enough for the voyeuristic, dim-witted viewer to be thinking always about what happens next rather than the rubbish that has just been shown. Don't worry, a betrayal, a murder, a sex scene will be along within a minute or two. <br /><br />Finally, Oz is obviously pretentious. You don't have to feel embarrassed about being carried along by its flow. You can watch it and tell yourself that the producers, writers and actors are doing everything with a huge wink (or same word but for a change of vowel) to the audience. <br /><br />Yes, you can be a nasty-minded viewer and excuse yourself on the grounds of the cleverness, post-modernistic, etc skills of the Oz production team. They appeal to the lowest common denominator while pretending to operate on a higher plane.<br /><br />Truly, a despicable series. And every hour it shows, rewarding its makers and actors, and generating advertising revenue for the channels that show it to people who have nothing better to do than watch something so ugly and unnecessary, another few hundred children die whose lives could have been saved by the dollars spent by this horrible, successful, widely-praised series.",negative
"Kim Basinger stars as Della, a housewife who has twin children (Terri and Tammi-played by Luke Gair and Erika-Shaye Gair) and an abusive jerk for a husband (Kenneth), played by Craig Sheffer.<br /><br />The movie opens on Christmas Eve. Kenneth is on his way home from work, driving a nice car too I might add. He is on his cellphone arguing with a business partner I would assume. When he gets home, he sees that the floor is a mess with shoes and toys spread all about. This angers him even more and he takes up with his wife, Della, asking her why the house is always a mess. He pins her up against the wall. The twin's watch from the stairs. He punches the wall, leaving a hole in it and walks away. She tends to the children, trying to comfort them. After that is all said in done, she needs to go to the mall to do some last minute shopping and because she is out of wrapping paper. She gets there and the parking lot is full because there is a lot of last minute shoppers there. While she is looking for a parking space, she notices a car taking up two spaces and this irks her. She finally finds a spot to park, makes her way over to the hoggish car and leaves a note under the wiper calling the owner a ""selfish jerk"". Then she goes in the mall to do her last minute shopping.<br /><br />When she finally does leave the mall, it is closing and many people have left already. Not the owner of the car she left the note on however and she notices this on the way to her vehicle. She also notices that the note she left under the wiper is no longer there. Odd. When she gets to her vehicle, she gets in to start it up. She notices a car coming up behind her and it blocks her from backing up. She gets out of the car only to be confronted by the owner of the car (Chuckie-played by Lukas Haas) she left the note on and a posse of his thug friends. Yelling ensues and a mall cop (no, not Paul Blart) makes his way over to them to see what the problem is, only to have his brains blown out of his head by Chuckie. While this happens, Della jumps in her vehicle, starts it and drives over the median in front of her. Chuckie and his posse hop in his car and give chase. Della ends up crashing her vehicle into a log pile at a housing development but she is unharmed. She manages to make it to the back of her vehicle, open up the hatchback and grab a toolbox before the thugs get there. <br /><br />With that, Della spends the rest of the night trying to outrun and out wit the thugs armed with only the tools that she has in her toolbox as weapons. The first kill, in my opinion, is the best. The first kill that Della performs anyway. The last one was probably the weakest and it should of been the best considering that this was the main bad guy she was offing. <br /><br />I will admit that there will be some that are put off buy the ending and I was let down a bit myself. As a whole though it was a fun flick and moves along nicely at it's 1 hour and 20 minute run time.",positive
"I rented this movie without having heard (or read) anything about it. What a shame! This movie is intelligent, witty, hilarious, fast-paced, and realistically ridiculous. The characters manage to get developed without relying too heavily on clichéd, tired stereotypes. It was refreshing to watch. I couldn't help thinking that marketing would have helped lob this not-so-mainstream movie into the starved-for-intelligent-comedy mainstream. The quality of the dialogue and the ease with which the actors execute a huge range of awkwardness, heartbreak and comedy is so rare these days--I felt that the actors must have really enjoyed participating in something this rich. How is it that National Treasure was number one at the box office for three weeks in a row--it is so weak in too many ways to mention. I guess I'm just happy that movies like ""Seeing.."" are still being made somewhere out there.",positive
"Van Dien must cringe with embarrassment at the memory of this ludicrously poor film, as indeed must every single individual involved. To be honest I am rather embarrassed to admit I watched it from start to finish. Production values are somewhere between the original series of 'Crossroads' and 'Prisoner Cell Block H'. Most five year olds would be able to come up with more realistic dialogue and a more plausible plot. As for the acting performances, if you can imagine the most rubbish porno you have ever seen - one of those ones where the action is padded out with some interminable 'story' to explain how some pouting old peroxide blonde boiler has come to be getting spit-roasted by a couple of blokes with moustaches - you will have some idea of the standard of acting in 'Maiden Voyage'. Worse still, you can't even fast forward to the sex scenes, because there aren't any. An appallingly dreadful film.",negative
"I've watched a lot of television in my 51 years, but I've never had so much fun week after week, as I had watching Oz. The acting by the entire cast was excellent. The writing was just perfect, with every character remaining consistent throughout the six year run. I also enjoyed the mayhem and the ultra-violence. It may sound odd, but it was at times, comical finding out how one of the characters would eventually end up dead. I particularly enjoyed the true romance and love between Beecher and Keller. Those two men really knew how to throw down, in every way possible. I truly hope that HBO will continue to show us re-runs of this great show FOREVER! I've watched every episode at least 4 times yet I still look forward to Tuesday and Thursday nights at 11 p.m. for an episode of this fun and very entertaining show.",positive
"This is by far the funniest short made by the two comic geniuses. From the time they walk in, to the time Hardy just falls off the roof, this keeps me laughing hysterically. I highly suggest that every fan of Laurel and Hardy should see this short. I also recommend all of the Ghost Series. If you are looking for laughs, see this movie and you will be happy.",positive
"The people who are bad-mouthing this film are those who don't understand film to begin with. These are the people who love movie blockbusters and adverse to any movie that doesn't star Leonardo DiCaprio. Wilder Napalm is a neat little film that may seem quirky and maybe even stupid at first, but what it lacks in plot, it more than makes up for in substance.<br /><br />One thing in particular about the movie that impressed me was it's use of music, which plays a large part. Those students of film music will notice how important music is in the movie, both in Vida and Wilder's life, and in the background. Wilder's theme, Vida's theme, and Wallace's theme are all heard in the opening sequence, and it is funny how some of the lyrics play out. For instance, in the scene where the men are singing ""Duke of Earl"", Vida is with Wilder when the men sing something like ""She is my girl"", and then she goes over to Wallace to give him something when the men sing the lyric ""She will be my girl"" cleverly showing the tension between the two brothers There are all sorts of little intricacies like this inside the movie, and while it may look like a flop on the outside, the real student of film will notice how good this movie really is.",positive
"I found this film completely and utterly incomprehensible. I knew some of he facts about Caravagggio, but here they were twisted and puzzling. The images were weirdly interesting but I was looking more for a biographical and/or critical accounting of Caravaggio's life and works, not an LSD type drug trip. The dialogue was very confusing and jumping back and forth in time via the use of trains, calculators, typewriters and cigarettes was extremely distracting. Had it been labelled an ""artsy film"" I wouldn't have purchased the DVD; now I have a DVD that I'll never watch again and who would buy it? I prefer mainstream films not those that require translation or elucidation. Thumbs down on this one for me!",negative
"Time For A Hit!<br /><br />Waqt Dir- Vipul Amrutlal Shah Cast- Amitabh Bachchan, Akshay Kumar, Priyanka Chopra, Shefali Shah, Rajpal Yadav and Boman Irani. Written by- Aatish Kapadia Rating- ***<br /><br />Eureka! We've got it! Yes, ladies and gentlemenin Vipul Shah's 'Waqt', we have probably found this year's first bona fide hit. Replete with all the necessary ingredients of a commercial Bollywood fare, 'Waqt' has all that it takes for a movie to click with the Indian audiences. It's the kinda film that makes a distributor feel happy and contemplate his next phoren visit! In this 'saga of Indian emotions' then, we have a happy family(isn't it always?) of three. Ishwar(Amitabh Bachchan), the postman-turned-millionaire(don't ask how!...there's something about selling toys while delivering letters and all thatseriously- who gives a damn!), married to Sumi(Shefali Shah) is a doting father to Aditya(Akshay Kumar). Ishwar has to make a serious decision about his son's careless attitude towards the responsibilities of life. His love for Aditya though, results in his procrastination of the grave issue. However, when faced with a situation that will test his race against time, Ishwar has no alternative but to throw Aditya out of the house- hoping that the new predicament might make him more conscientious of his own life. But this presumed solution becomes a problem in itself, as the rift between the loving father-son increases and the fences continue to grow. <br /><br />You don't have to be a rocket-scientist to realize that such a story provides ample opportunities to infuse comedy and drama alike. So, pre-interval you have the initially funny, later annoying comedy track of Boman Irani and Rajpal Yadav; and post-interval there are the go for your kerchief moments between Aby and Akki! Writer Aatish Kapadia(he also penned the original Gujarati play 'Aavjo Vhala Fari Malishu' on which the film is based) does a good job of keeping the narrative fluid. The dialogues tend to get inconsistent at times. It doesn't help that songs appear like acne on a teenage face and mar the proceedings. Clearly, a couple of numbers could've been done away with. On the directing front, Vipul shows that he possesses a natural flair for story-telling. 'Waqt', as well as his earlier debut effort 'Aankhen', manage to keep you interested till the last reel. On a personal note- the seesaw of emotions was a tad jerky for me. But gauging from the audience reactions, it was working to the hilt.<br /><br />Finally, 'Waqt' is all about its performances which amount to one whole point in the overall rating! Amitabh Bachchan is dependable as always. His energy is visible and so is his age! Shefali pitches in a finely nuanced performance and matches the superstar at every step. Boman and Rajpal bring the house down with their histrionics. Priyanka has little to do than fulfill the perfunctory role of a heroine. When it all boils down though, 'Waqt' is Akshay's vehicle. I have always maintained that Akki is as good as the role suits him. Put him in a 'Mujhse Shaadi Karogi' and he's fantastic, but in a 'Bewafaa' he is woefully bad. Here, Akki is probably at his best. Whether it is his comic timing or his emotional renderings, he is near-perfect. There's also an action scene for his fans! Ironically, his previous best endeavour was in 'Aankhen'- with the same director and Big B at his side!<br /><br />'Waqt' is by no means a memorable movie. It's not one that will feature in the better films of our industry. But it is one for the masses. And at a time when the industry is waiting desperately for a universal hit, 'Waqt' might just do the trick!<br /><br />- Abhishek Bandekar<br /><br />Trivia- This is Akshay Kumar's second consecutive film after 'Bewafaa', in which he performs on stage during the climax!<br /><br />Rating- ***<br /><br />* Poor ** Average *** Good **** Very Good ***** Excellent<br /><br />22nd April, 2005",positive
"This is one of Disney's top five animated features, in my opinion. Cinderella was a perfect return to the full-length feature animation film (as opposed to the compilation films of the 40's), and expensive depth via the multi-plane camera returns to the film in no other way. Although Disney adapts the story somewhat liberally, you gather the idea of the era via the dress and set stylizations---a clear time period the story takes place.<br /><br />Cinderella is more mature than Snow White, and a multi-dimensional character. Actually, all of the characters are somewhat well-developed, except for the Prince--left the most flat--we know he has a sense of humor, and a great smile, but that's about all. Like Snow White, Disney has some permanent impact on the story in popular culture---in most versions of Cinderella, the stepsisters are attractive, just not as pretty as Cinderella, and their character takes away from their otherwise nice appearance.<br /><br />Favorite Disney additions: the mice! Also, appreciated the continuity--Cinderella always loses her shoe throughout the film. The addition of the homemade gown as well as the following assault from the stepsisters was always horrific as a child--I remember View Master showing this with a black background and a large red light on it! The broken slipper shows the unwillingness of evil Lady Tremaine to give up her hold over Cinderella and admit defeat---Audley would go on to characterize the most wicked of all Disney villains, satanic witch Maleficent, in Sleeping Beauty.",positive
I just want to say that I was thrilled to find these comments about the show. I have tried online searches for info about the show in the past with no luck. I LOVED the show. I have a hard time getting motivated to exercise but this show made it fun. As another comment mentioned that it wasn't so complicated as the routines nowadays. It was an ideal workout that got the job done! I would give anything to be able to buy a copy of just one workout. I remember many of the moves but not nearly all of it. Somebody please try to get it back on the air and also make it available on DVD. It is so great to know I wasn't the only one that loved that show! Thanks for making my day!,positive
"One hundred and seventy five million dollars is a hell of a lot of money to spend on even the biggest summer blockbuster. Not even Michael Bay had a budget that big for Transformers, so exactly how Universal Pictures spent that much cash making Evan Almighty is a mystery. They certainly didn't spend it on the script for one thing as the film is not so much a classic comedy as it is Christian flag waving and bar one or two quiet chuckles, you're most likely to spend the duration wondering where the budget went or why Steve Carrell felt the need to slum it in a decidedly average movie at the exact moment when his star profile has begun to rise.<br /><br />A sequel to the Jim Carrey comedy Bruce Almighty, this film sees former supporting character Evan Baxter (Carrell) moving up the ladder into the main player slot. The story opens with him leaving the news desk to become a public official and moving to Washington with his wife and three generic sons (slightly weird primary school moppet, spirited middle schooler and sulky teenager). Evan's bid to change the world through politics however gets a spanner in the works when God (Morgan Freeman) appears and asks him to build an Ark.<br /><br />In other words, it's an updating of the old Genesis story, with Evan fighting off cynicism and naysayers to build the immense boat. Unfortunately, while the premise is reasonably promising, it sadly does not provide many laughs. There's a bit of fun to be had in the early going where Evan's straight-laced MP tries to juggle the demands of public service with the unwelcome packs of animals that follow him around and a beard that resists all attempts to shave it, but as soon as he accepts his divine mission, the film takes a nosedive.<br /><br />From this point on, it turns into a message movie. Evan begins preaching with alarming regularity and Morgan Freeman keeps turning up to offer kind wisdom, while gently prodding his chosen in the right direction. Without Evan's resistance though, the only trace of comedy left comes in the form of a few rubbish animal-feces jokes and John Michael Higgin's role as Evan's exasperated right-hand man. Higgins may show the same rich comic potential that he did previously in Arrested Development, but his enthusiasm cannot save the sinking vessel, especially seeing as Carrell has all but placed his formidable improv skills on the back-burner.<br /><br />In some respects, it's slightly similar to the Passion of the Christ, but unlike Mel Gibson's movie which encouraged everyone to believe in God through blood letting and guilt tripping, Evan Almighty tries a more gentle approach. The movie simply tells us that we should have faith in God, because He has faith in us. Unfortunately, this movie is just as likely to make you laugh as the Passion is. Carrell is on autopilot, the jokes don't exist and Wanda Sykes makes a bid to become the most annoying person on the planet. It might be sweet, but somebody just tossed $175 000 000 overboard.",negative
"The gates of Hell opened up and spit out this film, then closed again.<br /><br />Watching this movie makes me appreciate other movies I have seen, like all other movies. Nothing makes sense in this movie.<br /><br />It would really take too long to mention all the plot problems. In fact, except as a warning, it really isn't worth wasting some of the nearly infinite space available on the internet writing about this film.<br /><br />From now on, I will check IMDb before watching any film.<br /><br />Hot darn, IMDb is forcing me to write more about this film. I guess I should warn you about Edison Force while I am at it. But if you had to chose between the two, pick Edison Force.",negative
"If this film becomes a holiday tradition I am going to have to hide for Christmas for the rest of my life. How do you even think of comparing this with 'A Wonderful Life'! It was absolutely awful! The boy singing made my toes curl. And what on earth was the deal with his hair?? Emmy worthy performance?! Please. Granted, Lucci did OK but an Emmy????? I think this film is a waste of money. The fact that they stuck so close to the original story pretending to give it a modern and retro touch made it even worse. It lacked enthusiasm and persistence on all accounts. Lighting, wardrobe, make-up, it seemed everybody wanted to go home. Just a big NO from me.",negative
"Completely agree with other review.<br /><br />I watched this movie for about 5 minutes. I looked up the one review on another site and found that it wasn't even a real sequel. This was after I slowly backed away from the TV with remote in hand, jaw dropping lower and lower. <br /><br />The quality of the filming is beyond low budget. It doesn't even look like a freaking movie. If I were watching 'home video' footage from a documentary I would expect it.<br /><br />In summary: Avoid, avoid avoid. Boooo Lion's Gate!<br /><br />Completely ashamed of myself for watching 5 minutes and I hope that I've saved others from renting or owning it.",negative
"You know I only watched 15 minutes of this film, so I can't really describe how great it is. I mean the concept alone is so original and intriguing it just did not let me go. Then there is the mass of academy award winning people involved here plus the academy award nominated director. YOU JUST CAN'T miss. I mean imagine it is the middle of the night and you're not sleepy yet. This film comes on. You watch it and are shocked. It is so brilliant, so original it is so GREAT. It will feel to you that half an hour later you've turned off the screen, but as you go to your bed you see it's only 15 minutes after midnight. ENJOY!!!<br /><br />3 out of 10",negative
"I loved this movie! OH MY GOSH! This movie rocked so hard! I found it amongst some old tapes and didn't know what it was and after having read the back of the cover to see what the summer had to say about it (Which btw, mentioned the fact that Elton John covered the soundtrack for the film more times than it mentioned what the film was actually about.), I thought it sounded interesting, and I was even more interested in seeing it because it was an older film.<br /><br />""What controversy?"" I thought to myself as I put the tape in the player, I was curious I get. And my expectations were certainly met. I loved it! I guess it is a really girly kind of movie, but it was so sweet and adorable! It was a beautiful romance, although at times the directing reminded me of the camera work in 'The Graduate', which I thought at the time of seeing it the director must have been on acid with some of the close ups they did.<br /><br />OK, so it wasn't entirely conceivable for these two kids to run off and live on their own...but it could happen...in a fantasy...<br /><br />But, the ending just sincerely ticked me off! I was so mad with how they ended it...it sort of leaves you hanging, and I suppose they may address what actually happens to them in the sequel...but at the same time, I'm almost hesitant to see that, since sequels are almost never as good as the first.<br /><br />I totally recommend this movie to anyone sixteen and over! It's an awesome movie...Awesome!",positive
"My father has worked with top secret information in the DIA before and he is the one who mentioned this movie to me. When I was a kid I would always ask him what would happen if he gave away secrets and he recommended this movie.<br /><br />In the movie it really puts 2, almost completely different FRIENDS! in a tangle they never really knew what the outcome would really be. The snowman, Daulton really cracked me up because the movie portrayed him as just some drug pusher that did not know what he was arguing about, and in the movie it seemed like he got the worst of everything. The falcon, Chris is just a guy that wanted to express his feelings on U.S government in a very radical view.<br /><br />For movie lovers this is a must see!!!",positive
"The books of James Michener taking readers to faraway places with strange sounding names were probably at their most popular in the 1940s and 1950s. His Tales of the South Pacific became a major blockbuster Broadway hit for Rodgers&Hammerstein. South Pacific was directed by Joshua Logan and he was a natural to do the film adaption of another Michener success, Sayonara.<br /><br />It was only a decade before that American films during World War II did not portray the Japanese kindly. I'm sure it wasn't easy for people who fought the Pacific war to change attitudes overnight. That and a general no fraternization policy with occupied peoples in general are at the crux of this story about interracial romance.<br /><br />Sayonara is a relevant film today. The military has always butted in to the personal lives of its personnel in ways no civilian employer could get away with legally. In America at the time Sayonara was made there were still miscegenation laws on the books in many states. Today gays in the military is a big issue. Someone may one day do a Sayonara like film on that issue.<br /><br />Joshua Logan was on familiar ground. South Pacific also had racism as a component of its plot. With a sure hand, Logan assembled a great cast and crafts a beautiful story.<br /><br />Marlon Brando, Patricia Owens, James Garner, Kent Smith some of the occidental players do a fine job. But the picture is stolen by the orientals here. Miko Taka hits the mark beautifully as Brando's love interest. But the real stars are the two that one both Supporting players Oscars, Red Buttons and Miyoshi Umeki.<br /><br />Buttons is your everyman enlisted man Air Force member. He falls passionately in love with Katsumi played by Miyoshi Umeki. They marry and the military cruelly does everything they can to break them up. They presume to KNOW what's best for Buttons and Umeki. Buttons was a TV comedian and a fair talent, but he never got a part as good as this the rest of his career.<br /><br />And Miyoshi Umeki's Oscar was the first one given to an oriental. It got a great deal of attention because at the time of the Academy Awards, Miyoshi was starring on Broadway in Flower Drum Song. I was privileged to see it on Broadway, it was the first Broadway show I ever saw. I still carry the memory of it.<br /><br />That Oscar symbolized something else too. Our war with Japan was really over and we saw in Sayonara a great nation with a proud tradition and culture.<br /><br />Ricardo Montalban plays Nakamura, a Kabuki Theatre actor. If Sayonara were done today, Logan would never get away with it. But Montalban is fine. <br /><br />Good location photography and a grand story. This film should be revived more often it has a great moral.",positive
"Cannon pulled off a real visual beauty of a medieval epic that appears fascinating (except for the dragon prop). Now just how did the long-gone studio known for Chuck Norris movies ever come up with a complete lack of knowledge in the first place? Case in point: the amateurish acting and horrible plot is a sign that reviving the medieval legend is no cure for some lousy execution. They actually went on and made another cheap exploitationer featuring hundreds of lusty bimbos, just to make this look even better. For the two ""Barbarian Brothers"", they sure know how to make weird noises than becoming brave warriors so strong and bold enough to save their native land. This is the single greatest waste of potential I've seen from an ""expensive"" low-budget movie, and worse enough to let an axe strike through the gorgeous print without mercy. All of this followed an advertising campaign that sold T-shirts based on THE BARBARIANS! The movie alone makes a great souvenir!",negative
"Very well done acting and directing. This is a cross between ""The Last Don"" and "" Godfather 2"".One large plus for this production is that it is claimed to be a true story of Joseph Bonanno. With a better music score to create mood, it could have been a rival for both Godfather movies.",positive
"This is the greatest show ever made next to south park. I love this show! it is so funny, and Peter's laugh is hilarious. You need to watch this show right away for the few people who have never seen this show before. One of my favorite shows of all time.<br /><br />If you can, try to see some of the later episodes such as I dream of Jesus, or Tales of a third grade nothing. But there's never been an episode I didn't like. All of the episodes are absolutely hilarious. It's got a great satire to it as well. You can find a lot of clips on you tube. If you're somewhere near a computer or a TV see it right away however you can.",positive
"Not the worst movie I've seen but definitely not very good either. I myself am a paintball player, used to play airball a lot and going from woods to airball is quite a large change. The movie portrays similar qualitys First of all the movie starts off with this team that apparently is trying to shoot this ""Phantom"" guy or whatever, they appear to be a professional team and wear jerseys and shoot mags, autocockers. One guy sporting a bushy. Not much wrong with the movie but more how it's perceived it was very cheesy. A bunch of kids who are the good guys are woodsball players who don't appear to have much money and have dreams of getting ""better guns"". Another team constantly picks on them and insults them because they play woods and blah blah blah The phantom helps these woodsball kids out and trains them and all this crap, he gets them to play airball and basically defeats all the teams including the ""professionals"".<br /><br />So what exactly is wrong with the movie? Well the budget is a huge thing, a paintball movie WOULDN'T be bad but the budget is pretty low and the movie feels like it was done by an amateur. There are no big names in this film and the acting is very cheesy. The perception of paintball is pretty bad too. They seem to imply that everyone is going to speedball and all this other crap. It just was a lousy movie in my opinion and doesn't give a real perception what paintball is. To be honest real paintball isn't all buddy like, it's a lot of cussing and bonus balling not ""respect"" and playing by the rules. Don't watch this movie and then expect to go to a field screaming ""4 is 1!!""",negative
"Stefan is an x-con that five years ago got married to Marie. Their marriage has been stable until Stefan past catch up with them and he's offered to do a courier job. Stefan's job is a heroin delivery from Germany to Sweden which should go easily.<br /><br />In Germany Stefan meet Elli, a girl from Bosnia that has been sold to a stripclub owner. Stefan dislikes what he sees and decide to help Elli out of her misery. Due to the fact that Elli's father during the war fleed to Sweden Elli now goes with Stefan to Sweden. To make up with the past Stefan promises Elli to help her find her father, no matter what it takes. Finally back in Sweden the whole situation seems to be more complicated than Stefan ever thought of..<br /><br />This movie doesn't seem to fit in the ordinary class of swedish movies due to the fact that it's been americanized alot. Regina Lund and Cecilia Bergqvist makes it all average, the effects makes the movie a little too much though. See it and jugde for yourself.<br /><br />",negative
"When I saw Lon Chaney, Jr. and Boris Karloff in the cast, I was expecting to find a typically ""schlocky"" 1950's style horror movie. The opening scene (a graveyard with a wolf howling in the background) seemed to confirm this. Once I began watching it, though, what I discovered was a nifty little mystery about an Englishman (Richard Green) seeking to discover what had happened to two of his friends who had disappeared in the Black Forest and, if necessary, to take revenge against the evil Count (Stephen McNally) who ruled the territory. Chaney, as the voiceless Gargon, had a rather limited role (one which reminded me of the Hunchback of Notre Dame, actually) while Karloff had a somewhat more substantial role as Dr. Meissen. In fact, Meissen was one of the more interesting characters in the movie, and it was difficult to know until the very end whether he would be established to be a good guy or a bad guy! The castle set was magnificent, and even the limited depiction of the Black Forest was real enough. It certainly didn't come across as low-budget, compared to other movies I've seen anyway. The only disappointment, I thought, was Rita Corday's performance as the Countess. She seemed somewhat dry and didn't seem to put much passion into the role.<br /><br />That aside, I found that this movie held my attention throughout, and there was enough suspense about how this was all going to turn out to make it well worth the watching. Definitely recommended, with a 7/10 rating.",positive
"(WARNING: SPOILERS!)<br /><br />Five young people ignore the warnings of forest ranger George Kennedy and hike up to the misty Oregon mountains where they are stalked and butchered by a pair of huge, deformed, in-bred hillbilly twins. When only two are left, Warren and his girl Connie, they resort back to their animal instincts to stay alive. The film ends with Connie shoving half of her arm down one of the killers' throats, choking him to death. A very powerful, if somewhat overrated, backwoods slasher flick thats effective use of lighting, sound and photography make it a cut above the usual FRIDAY THE 13TH cash-in. Lead by an attractive, likeable cast, especially Deborah Benson (where is she now?) and Gregg Henry, this nifty companion piece to director Jeff Lieberman's SQUIRM (1976) and BLUE SUNSHINE (1977) shouldn't be missed.",positive
"What a shame that some good talent was wasted. This is a tedious and overly self-conscious movie, that could tell its story in half the time. Is that Derek Jacobi under that beard doing two roles? Gosh, who would have guessed.<br /><br />The emotional payoff a the end was weak and unsatisfying. Certainly not worth enduring the padded length of the movie for. I felt quite let down.<br /><br />The sound was dreadful. First, they used stock music. Second, it was so loud during some of the dialog, that the words were hard to make out. Only three sound crew, and a trainee? There were more people listed in the credits for either the accounting or the legal.<br /><br />Some of the camera work was quite good though, and the actors did a good job with a mediocre script.<br /><br />Not a good use of viewing time, at least for me.",negative
I bought this movie and after I watched it I decided that I did not care for it. The acting was BAD. Was the principal a robot? He had no personality and his facial expression didn't change through the whole movie. At times the voices didn't match up. People talking and their lips didn't even move.,negative
"There's so many negative reviews about ""Stay away, Joe"" in here I just can't stay quiet any longer and let this injustice happen. Here's a side you haven't heard yet.<br /><br />Elvis Presley's movies are my guilty pleasure for a simple reason: they are perfect films for a pure relaxation because I don't have to think when I watch them. That means I don't have to worry about missing a complex plot because there never is a proper plot to start with. I can just kick off my shoes, grab a beer, sit back, switch off my brains and enjoy all the general wackiness and catchy easy-going rock n' roll tunes from the grooviest decade of them all.<br /><br />In my books ""Stay away, Joe"" definitely falls into the ""so bad it's good""-category. Now if you're like me and appreciate ""the trash value"", this is the ultimate 1960's camp experience. It's so bad that it's almost surrealistic to watch and just when you think that it can't possibly get any worse it surprises you in the most imaginable ways. In the end you're so amazed by all the new levels of stupidity you just don't know whether to laugh or cry. In a nutshell: I love it because it's so damn amusing that there once was a generation that actually made films like this. I still give it 1 out of 10 though - once it hits the bottom 100 it will became an instant bad movie classic.",negative
"Virginal innocent Indri finds herself at a house of prostitution run by ruthless pimp MG. Indri winds up incarcerated in MG's private prison after she refuses to make love to him. Of course, Indri and worldly top con Helga join forces and plan to escape. Maman Firmansyah's blah, uninspired direction and Piet Burnama's dull, talky script thoroughly undermine any trashy vitality this flick needs in order to qualify as a pleasing piece of babes-behind-bars exploitation junk: the sluggish pace painfully drags throughout, there's no gratuitous female nudity whatsoever (the girls don't even show any skin during the obligatory group shower scene!), the expected torture and degradation are both extremely tame and tepid, the moderate crummy gore likewise fails to impress, and even a ridiculous catfight sequence ain't nothing to get excited about. Thomas Susanto's pedestrian cinematography, the laughably lousy dubbing, the excruciatingly overlong 102 minute running time, the sappy theme song, and Gatot Sudarto's cornball score add further abject insult to already appalling injury. Only some decent last reel break-out action offers a little relief from the otherwise overly abundant stultifying tedium. A complete yawn-inducing dud.",negative
"This is, quite literally, the worst movie I have ever watched in my life. It may be the worst movie possible. Some movies are so bad that they're good; this movie is so bad that it goes past enjoyable camp and simply becomes unwatchably awful. It is the anti-enantiodromia. We bought it with the intent to heckle, and all of my family gathered around for a fun evening of clever remarks; instead, we sat in stunned silence, pitying poor Peter Sellers.<br /><br />This is worse than the animated Lord of the Rings. It is worse than the Matrix sequels. It is worse than Krull. It is worse than any Batman movie.<br /><br />Do not, under any circumstances, let this movie approach within ten feet of your television.",negative
"This is one of the better feel-good films of 1999 with Kate Capshaw leading an all-star cast about a small town and a love letter. First off, the scenery is beautiful, and anyone who sees this film and doesn't want to move to this location is crazy! For the cast, Capshaw is stunning as the lead actress who captivates the emotional roller-coaster role. Tom Everett Scott is charming as the ""author"" of the note throughout the film, and the always delightful Ellen Degeneres is hilarious! Blythe Danner and the actress who plays the bookstore saleswoman are both terrific, too. Although it was unsuccessful, the film is great as it is both short and sweet and well as very romantic. 10/10",positive
"Hardcastle and McCormick is an excellent TV show. <br /><br />Yes, it is predictable much like The Dukes of Hazzard, Hunter, The A-Team, etc etc etc.<br /><br />This show is just good clean television. The relationship between Hardcastle and McCormick is quite amusing. They often take jabs at each other several times an episode, which adds a great deal of humor to the show. It contains several car chases in almost every episode, but, who doesn't enjoy a good car chase? Especially with the Coyote! <br /><br />I only wish they made clean television like this today I highly recommend this!",positive
"I had some reservations about this movie, I figured it would be the usual bill of fare --- a formula movie about Christmas. Being in the middle of a heat wave in late June, we decided to give it a shot anyway, maybe we would see some snow.<br /><br />This movie turned out to be one laugh after another. Ben Affleck was believable in his character, but the real star of this one is James Gandofini. He delivered his lines with a real wit about him and made a great ""dad"".<br /><br />If you want to have an enjoyable couple of hours, definitely check this one out.",positive
"This movie is excellent in how it portrays the reality of sexual abuse. The daughters perfectly express their conflicting emotions of affection and betrayal. The on-location scenery is absorbingly authentic, and the soundtrack is unobtrusive yet moving. This film is a graduate-level course in a reality that's too little recognized in American society. Personally, I'm freaked out by the names of the characters -- Lange's character is Ginny Cook Smith -- my name is Connie Cook Smith, and my mom is Genny Cook. The youngest daughter is Caroline Cook, which is my sister's name, and the father is Larry Cook, my cousin's name.But sex abuse was not in our immediate family.",positive
"I was thrilled to watch this movie expecting it to be the sequel to the cult classic ""Private Lessons"" which portrays the dream of any male teenager.<br /><br />""Private Lessons II"" has NOTHING to do with the title I mention. It's just a regular soft-core Cinemax flick that won't make a change in your life. There's just one hot sex scene in a rooftop but that's it. I watched this a long time ago but believe me, this is just a regular boring soft core flick.<br /><br />The women are hot but that's not enough to rent or buy the movie. My advice is to watch this only if it airs on cable.",negative
"SUcks. That's all I got to say about this sorry excuse for a film. Sucks. Sucks. Sucks. I mean, what the hell were they thinking? The idiots involved should never be allowed to make another films. The acting was so bad that it even failed to entertain on a bad level. The attempt at a ""lesbian scene"" was sad. I felt so bad for the ladies involved. This movie sucks! Sucks! Sucks!<br /><br />I heard rumors of a sequel.<br /><br />God<br /><br />Help<br /><br />Us<br /><br />All",negative
"Personally, I think Sayonara was the greatest movie he ever made. It touched every emotion from anger to romance to complete tragedy. And Brando should have won for best actor. Anyway, the movie is awesome, the man is attractive to BOTH MEN AND WOMEN and now you have no reason not to see it! Do so, and fall in love.",positive
"I have seen many, many productions of The Nutcracker. Now perhaps I viewed this movie from the tainted point of view of a theatrical director, but I was disappointed. I'm sure people in the specific business of ballet choreography find this production impressive but from a purely theatrical perspective I found everything from design to choreography to be lackluster and unbefitting of a ""motion picture"". None of the traditionally ""weird"" and impressive costumes looked like what they were supposed to be (i.e. the candies didn't look like candies, the rats didn't look like rats but rather like chocolate kisses,) the acting was weak, perhaps toned down too much for the screen, and the choreography just didn't do anything for me. This makes the entire show very satisfactory (at best), as if it were intended to not set itself apart from any other production. But remember, again, this is from the artistic perspective of a theatrical director, not a dancer or a choreographer, but a straight male theatrical director.",negative
"I don't see why everyone is bombing this so much. I thought it was a great fun time that sadly wasn't popular enough to be that famous. Believe me I have seen much much worse than this. If you want a bad movie see blood shack or the alien dead or something. So what this is normal slasher fare but better than most. And it is watchable. This movie also has one of the best soundtracks I've heard. Some of the music is very suspenseful. And the death scenes are cool too. We see a very bloody body in a bathtub with the words SOLD written in blood on the mirror, and we also get a cool double beating by a toilet plunger! with razors attached to it! This was a good fun 80s slasher that's definitely worth your time despite what others say about it.",positive
"If you like me enjoy films with plots and convincing actors then Alien Vs Predator- Requiem is probably not the way to go. In summary, alien lands in typical American town, Predator lands in American town, both have a bit of a fight, US government blows up town, some people get away.....I'm sorry I think I might have spoilt the ending. Its easy to criticise someone who's being critical; people cry out, I bet you couldn't do any better! I bet I could ! Having made this film,watched it and then turned to congratulate each other with a pat on the back and a job well done; there must surely have been the spectre of lunacy in the room.",negative
"Tigerland follows the lives of a group of recently drafted men into the army who are called up to fight in Vietnam in 1971.<br /><br />At this point, America knows they are fighting a loosing battle, and the director takes us through a 16mm handheld documentary shot film of the lives of several recruits in the 'Tigerland' training camp in Louisiana.<br /><br />The film is more of a character study no real plot, but it focuses on a key character Roland Boz, who is a dissabordinate yet intelligent man, who only wants to escape the camp. We are taken through several characters in the unit waiting for the story to unfold.<br /><br />I'd have to say this is a great story about Vietnam and more importantly about the army in general.. Great acting, and very memorable. Also the directors use of film and style works so well, cause it looks a lot like the old film footage you always see regarding Vietnam. Its great to see how the film shows that all the infighting and problems were so significant to the problems of fighting this battle. The particular scene where Boz walks away from a training mission where an instructor is showing how to use a radio as a torture device just about sums up everything about war in a nutshell... and it's futility.<br /><br />Fantastic film. Not just about Nam but about who individuals have to decide what is morally right by being 'in the army'.<br /><br />Rating 9 out of 10.",positive
"Along with ""King of the Rocket Men"", this was still being repeated on BBC TV in the early to mid eighties. If I was loading up a time capsule of this period both these series would definitely go in.<br /><br />Someone watching it for the first time will think it is silly but this is one of the best examples of the ""Serials"". Don Del Oro will make you laugh (When I was little my nickname for him was Mr Dustbin head) and it was funny upon being shot at he says ""Your bullets can't harm me"" then he stumbles back, seemingly less than happy. I also like the way he dispenses with Sebastian in the first episode.<br /><br />I watched this again because I had good memories of it from years back, there are some good stunts and good music, it has the ingredients you expect including water,rockfalls,runaway carts... Apart from the first episode(with Ralph Faulkner)the swordplay wasn't nearly as good as I remembered it, and yes it features the inevitable ""flashback"" episode! It gets 8 out of 10 because it still suffers from slow pace, padding and the other tricks. If you are interested in these serials I recommend the book by William Witney, ""In a Door, Into a Fight, Out a Door, Into a Chase"" although there is only a small entry about this series in it.",positive
"If you find the depiction of violent murders and wanton police brutality expressed in a plot less film with glacial pacing entertaining, then you're bound to enjoy Surveillance. This film was garbage for both the mind and spirit. The notion that this is a ""thriller"" is comical; that would imply some kind of tension and twists. You kept waiting for the story to actually finish ""starting"". It never rises above a glorification of weak-minded violent criminals and individuals from all walks of life. Picture all of the violence of ""No Country for Old Men"" without any kind of chase or sympathetic characters. Thrill-killers run amok. The acting is good, mostly, but the script is a pile. Don't bother, and tell your friends to don't bother.",negative
"John Singleton's finest film, before blockbuster wannabees like the Shaft remake, this is a thought-provoking movie with overall great acting and superb balance between the stories 3 main characters, each with identifiable youngster problems.<br /><br />What I liked about it most is that it also covers the problem of selfpity among young blacks, a problem mostly ignored by the media and other films who mostly focus on social-economical problems and racism by whites. This movie shows that blacks can be equally ignorant and racist.<br /><br />The masterful thing about this film is that it deals with so many topics without getting shallow. It's not just about racism, but about how hard it can be to adopt to a new world (college), date rape, discovering sexuality and isolation. Omar Epps, Michael Rapaport and Kristy Swanson each deliver fine performances, and the supporting cast is equally interesting with Jennifer Connelly as a lez (yay) and with Ice Cube and Busta Rhymes as college bums causing little riots.<br /><br />The only negative is the caricature of a professor by Laurence Fishburne (""Peppermint?""). Surely, plenty of professors are nutty. But they're not as flat. The skinheads are also a bit of a caricature, but I guess they are like that too in real life.<br /><br />Overall a great underrated piece of filmwork, if you liked American History X you'll love this one.<br /><br />8,5 out of 10",positive
"I just saw this Movie on a local TV Station (TV8's ""Big Chuck and Little John"" in Cleveland, Ohio) I had never heard of this movie and decided to watch it.<br /><br />I know of no thesaurus that can even come close to aiding me in describing how bad this movie really is. The script is awful. The acting, well other than one of two exceptions, is pointless since there is nothing in this material that merits any real effort.<br /><br />It looks like a bunch of little ideas, leftover from various writing sessions, that where thrown into a blender. It's not just funny. The ""parody"" aspect is strained at best. Some references where almost out of date (even for the time of it's release). No wonder I had never heard of it, it's really bad, worse than anything Saturday Night Live, MAD TV or even In Living color put out in their worst days.<br /><br />If you see it on TV, it is a great example of how NOT to make a movie. Whatever you do DON'T WASTE A CENT.<br /><br />Adam",negative
"Frank Sinatra was far from the ideal actor for westerns. He was a great actor, From Here to Eternity and The Man with The Golden arm are a proof of that, but he did not have the physique of a western hero, you identified him as an urban guy. But he tried to do his job well in Johnny Concho, the fact that the film was a failure at the box office was not his fault. I blame it on two factors: a) the story was too unusual, specially in the fact that Sinatra behaves more like a villain than as a hero throughout the movie. In a genre where people kind of expected a certain pattern, to break away from it the film has to be very good. b) the story is not convincing, it is hard to believe that a whole town will allow Sinatra to do anything he wants just because they are afraid of his brother. Also when a man shows him a special holster that will open sideways so he has not to draw the gun you wonder that if that will make him invincible, why all the gunfighters have not adopted it? I think that this film should not have been withdrawn, because any film with Sinatra is worth seeing, and in spite of its shortcomings it is still enjoyable",negative
"Lavish production values and solid performances in this straightforward adaption of Jane Austen's satirical classic about the marriage game within and between the classes in provincial 18th Century England. Northam and Paltrow are a salutory mixture as friends who must pass through jealousies and lies to discover that they love each other. Good humor is a sustaining virtue which goes a long way towards explaining the accessability of the aged source material (which has been toned down a bit in its harsh scepticism). I liked the look of the film and how shots were set up, and I thought it didn't rely too much on successions of head shots like most other films of the 80s and 90s do. Very good results.",positive
"After their star cross-country runner dies after a race, the members of a track team are stalked and killed by a mysterious masked murderer seeking vengeance for the girl's death.<br /><br />From the beginning of this film, it was quite obvious it was not going to be very good (at least as far as true quality goes). The 'dramatic' track race at the end of the introduction scene was one of the least believable sporting events I've ever seen in a film. It would seem that the winner of the race had never actually run before in her entire life. Not just run track. . . but, run at all. Ever. From there, we get a horribly unrealistic female Navy member who was breaking numerous appearance rules with her jewelry and make-up, not to mention the fact that her hair was hanging loose onto her collar while in uniform. Ridiculously awkward camera angles, pathetically done gore effects, and acting that ranged from frighteningly over-the-top to boringly under done (all in one actor, mind you) all help to make this film one of the most unintentionally hilarious horror films ever made. On the other hand, the writing wasn't all that terrible and the story was actually okay. But, the direction was horrible, made worse by offensively bad cinematography. The acting ranged from acceptable to just plain abysmal. Regardless of all the embarrassingly bad elements, however, there's something here, whether it be cheese or something else that I can't figure out, that makes the film extremely enjoyable and very worthy of a watch. Maybe it was just Vanna White.<br /><br />Obligatory Slasher Elements:<br /><br />- Violence/Gore: Death scenes were fun enough, but the gore was just awful: blood squirts from impossible angles, no actual gashes or wounds from knives, etc. But, this film has the first 'death by football' scene I've ever seen.<br /><br />- Sex/Nudity: There was a bit of nudity (I mean, Linnea Quigley is in it, after all), and some overly horny high schoolers, but nothing to excess.<br /><br />- Cool Killer(s): If you think leather gloves, stop watches, track suits, and fencing masks are cool, this one is for you.<br /><br />- Scares/Suspense: Not really any at all. There is one moment that takes place in the girls' locker room that I was preparing myself to be scared at. . . but, it just led to some typical stupidity and was ruined for me.<br /><br />- Mystery: A little, but if you can't figure out the killer's identity about 20 minutes into the film, then I'm not too sure about your powers of deduction.<br /><br />- Awkward Dance Scene: There's a great impromptu jam session (""Graduation Day Blues"") with a guitar & harmonica that leads to some awesome 80s bopping. This is followed shortly by some kind of weird blend of 70s disco and 80s break dancing that was probably the scariest part of the film.<br /><br />Final verdict: 4/10. Don't take it too seriously and you might enjoy it (just like most everything else Troma touches).<br /><br />-AP3-",negative
"About 1986 I saw this movie by accident on TV one night. I was 6 years old. It was similar to my accidental viewing of the terrifying ending to Don't Look Now in 1987. I went to Venice on holiday the next year in silent terror, hoping to god that my parents wouldn't find out I'd watched it! <br /><br />Would I have minded if my parents knew I'd watched Les Valseuses when I was a kid? I'd probably avoid the subject with my dad even nowadays, and my mum's probably disapproving in the afterlife. I don't know if they'd want to see it anyway. From the stalking and trapping of a woman at the block of flats in the first scene to sliding down the mountain roads with glazed satiated eyes I'm never sure whether this film is an insensitive piece of trash that disregards the sexual revolution or if it's a sexy liberating movie to watch as it dawns on you that you could never be so offensive yourself. <br /><br />It's definitely violent. It has a violent view of sex, virtually no acknowledgement of love. Even suckling a young baby mutates into a greedy sexual act of exploitation. But the scenario IS very erotic and (god I'm so British) arousing! Do they suck her breasts for her own good? That is exploitation. So why am I getting a woody?<br /><br />The fellows go in search of an experienced older woman, find an ex-con, mother-figure? I don't know. It ends in a truly gruesome suicide. I described it to my friend JB Nelson, who has Cannibal Holocaust-guts, and he went eeuurrgghh! No motherly love for this movie, quite the opposite. Mutilation of where the boys began. Why do they shoot the girl in the leg? Why does she come back to them? Do women need to be punished so that they learn what is right from men?<br /><br />I'm thinking of two movies, one of which I wish I'd never seen, the other makes me wish it wasn't such a harsh world. Swept Away/Madonna what a pile of insanity doesn't compute never been so offended that a woman punished for being a woman becomes slave to man and its maybe madonna saying everybody respect guy ritchie im so enraged i cant use punctuation! Once Upon A Time In America/Leone god why does Noodles do it? Destroys the path to joy we've been following him on his whole life. So close to finally finding love with Deborah. Now they are both destroyed. Why Sergio? Why?<br /><br />There is no rape in Les Valseuses but lots of sex and nakedness in abundance, of both sexes. Very honest, no titillation. No fantasy shags, no perfect Hollywood smooth moves. Jokes, yes. But there's too much darkness and jealousy and trickery in here to call it a sex comedy. Forget Carry On Shooting A Naked Hairdresser In The Leg Cos She'll Come Back & You'll Hook Her Up With Your Ex-con Lover's Vengeant Son & She'll Learn How To Cum From Him.<br /><br />Two things I can't stand are rape movies and prison movies. Les Valseuses isn't a rape movie! God nobody's going to want to watch it now! It is a brilliant movie!",positive
"One of the greatest lessons I ever had in how to watch a movie happened this way: <br /><br />I was working in Roger Corman's offices, like so many other wanabees before and since, I was interning and trying to figure out how it all worked and how to make myself indispensable (hah!). One afternoon Julie Corman, Roger Corman's wife and a producer in her own right, asked me to load up a tape. I'm not sure why she wanted to watch it. I got the impression it was a student film or a show reel, something like that, some sort of calling card. Whatever the reasons she had to see it, the only free video machine in the offices at the time happened to be in the room I was working in, and I was the nearest person to the machine. I started the tape.<br /><br />Fade in: On screen a figure sat at a desk facing the camera. Behind him, screen left, was a door that opened into the room. Against the far wall was a coat rack. A second character entered through the door and started talking. The first character, the guy at the desk, turned round to reply, (this is all one take, static camera, there are no cuts pans or dolly shots. Just one locked off camera). The second character turned to hang his coat on the coat rack and delivered his next line. Julie Corman said ""I've seen enough."" and left the room.<br /><br />What she had seen in the ten seconds of footage she had watched was that the director was an idiot. Opening with two characters who immediately turned their backs to the camera delivering lines? Nope, sorry. Next! That's how long you've got. Ten seconds. Cock it up in the opening shot and you are dead.<br /><br />I was reminded of that moment while I watched the opening of this piece of crap. After an interminably long travelogue of jungle we see several monkeys apparently throwing themselves into cages. A man carrying a gun laughs. A jet liner lands and we see it taxi the whole way to the terminal. God this is boring! Cut to the interior of the Airport. Two men meet. Aha! Something is happening! They shake hands. Cut to a different angle of the two men -<br /><br />- and the director crosses the line.<br /><br />The first two shots of the movie that have any kind of spatial relationship with each other and the guy has cocked up. 'Not Crossing The line' is one of those basic rules of movie grammar that keeps the characters from jumping about from side to side on the screen and confusing the audience. Audiences don't like to be confused. Mystified? Baffled? Puzzled and intrigued? Yes. Audiences love all of those. Confused? No. You loose them. They walk out. 'Not Crossing The line' is one of those things they pound into you at film school, or should. It's basic stuff. It's not an inviolable rule (there are no inviolable rules) directors break it all the time - but not on the first real cut of the movie.<br /><br />I thought, ""I've seen enough"". And switched off.",negative
"""Tragic Hero"" is a film that is most definitely trying to emulate the classic Godfather films, focusing on family, crime, loyalty, and revenge. Also, this is part of a two part series as The Godfather also was (at the time). However, this film comes nowhere near the level of those classic films and actually fairs worse than other Triad thrillers being released in Hong Kong at the time.<br /><br />One reason is the acting. With the exception of Chow Yun Fat, the acting is generally over the top and unbelievable. The audience tends to find the proceedings humorous simply because the actors' inability to maintain any degree of seriousness. As a result, we find the film not truly emotionally involving or intense since we don't particularly care what occurs with these characters.<br /><br />Another reason is its lack of focus. The narrative tries to incorporate many different story elements into the film, but this results in portions of the movie becoming underdeveloped as well as lacking any real sense of coherency. The audience sometimes becomes lost at the proceedings we are viewing, not knowing what the character's motivations are.<br /><br />The film's climax does contain a decent gun fight, but again since we don't care about the characters, we don't care who lives or who dies; The scene loses it's intensity and suspense because of this. The other action set pieces are rather mundane in nature, with a feeling of it being too controlled rather than free flowing.<br /><br />In general, this is a strictly average film and isn't recommended to the general film viewer... Only hard core genre enthusiasts and fans of Chow Yun Fat should consider this film for viewing.",negative
"This movie grabbed me with the incredible opening sequence which tricked me into a complete reversal of perspective, so I was hooked by the time the title came on. The theme of this movie is that everyone is acting, trying to re-invent themselves, but not in a tricky way like Identity or the Usual Suspects, but in the way we all try to make whatever banal life we find ourselves in a little more interesting. The scenes in the chicken warehouses are spectacular. At one point Jorgen (who owns the chicken farm) attends a seminar in laughing, where he's the worst student. His discomfort at this lets you see the depth of his yearning to change himself. The movie made me wonder about the hidden mysteries that lie behind the surface of the most commonplace people I see every day. There's not a lot of plot here. Guessing the old man's secret is pretty easy, but the fascination lies in trying to guess what all the other characters will do when they figure it out. This movie appealed to me in the same way that Sideways did, although the characters couldn't be more dissimilar.",positive
"Ego. Seems it's the only reason this movie was made. This movie is so wrong in so many ways that it's below one's dignity to write much about it. Every character was only good at self praise and lead actors (i use this term liberally as has the director) emote in the likeness of stone. the little story, if that, fails on the basic aspects such as logic, feeling and drama. Direction leaves much to be desired. blatant flaws are all over the place (character motives aren't defined, prospective husbands are found overnight, broken car windows mend themselves among other things)<br /><br />Let's face it, Himesh can't act. neither, it seems, can Hansika Motwani. In her defense, she's still a chubby child who looks older than she is thanks to tonnes of make-up. Raj Babbar Overacts and makes his little presence as fake as possible. Darshan Jariwala laughs a bit too much. The actor who plays Himesh's friend is the only natural. <br /><br />a few questions do come to mind: how can such a film cost Rs.500,000,000?? where did the money go??? granted that one chase sequence was moderately well shot and Mallika Sherawat was paid an obscene Rs.15,000,000 for her 15 minute appearance and 2 songs. but the sheer stupidity of the film boggles the mind. (including 3 Mumbai auto rickshaws that show up and jump on a police car)<br /><br />the good: Himesh shows courage by allowing the film to make fun of his nasal voice and trademark ""topi."" Let's give the Devil his due: Himesh, as usual gives good music.<br /><br />The bad: Direction, Story, Himesh's singing is still hard to ignore<br /><br />The Ugly: Dialogs and everything else!!!<br /><br />Final Word: Painful in every sense of the word! watch this movie only if you loved Subhash Ghai's ""Yaadein""",negative
"When this movie came out, I had seen Geena Davis play only soft, feminine roles... This movie was anything but soft and feminine. Great lines, great action...she and Samuel L really clicked. Too violent for the kiddies, but if you and your significant other are trying to agree on a movie, try this one on for size. Go Geena! Go Geena!",positive
